,name,artist_id
0,Drake,3TVXtAsR1Inumwj472S9r4
1,Future,1RyvyyTE3xzB2ZywiAwp0i
2,DJ Khaled,0QHgL1lAIqAw0HtD7YldmP
3,Bad Bunny,4q3ewBCX7sLwd24euuV69X
4,Ed Sheeran,6eUKZXaKkcviH0Ku9w2n3V
5,Camila Cabello,4nDoRrQiYLoBzwC5BhVJzF
6,Burna Boy,3wcj11K77LjEY1PkEazffa
7,The Weeknd,1Xyo4u8uXC1ZmMpatF05PJ
8,Gesaffelstein,3hteYQFiMFbJY7wS0xDymP
9,Doja Cat,5cj0lLjcoR7YOSnhnX0Po5
10,Taylor Swift,06HL4z0CvFAxyc27GXpf02
11,The Kid LAROI,2tIP7SsRs7vjIcLrU85W8J
12,Justin Bieber,1uNFoZAHBGtllmzznpCI3s
13,Ariana Grande,66CXWjxzNUsdJxJ2JdwvnR
14,Jessie J,2gsggkzM5R49q6jpPvazou
15,Eminem,7dGJo4pcD2V6oG8kP0tJRR
16,Post Malone,246dkjvS1zLTtiykXe5h60
17,Charlie Puth,6VuMaDnrHyPL1p4EHjYLi7
18,benny blanco,5CiGnKThu5ctn9pBxv7DGa
19,BTS,3Nrfpe0tUJi4K4DXYWgMUX
20,Coldplay,4gzpq5DPGxSnKTe4SA8HAU
21,J Balvin,1vyhD5VmyZ7KMfW5gqLgo5
22,Jhayco,6nVcHLIgY5pE2YCl8ubca1
23,Cardi B,4kYSro6naA4h99UJvo89HB
24,Nio Garcia,5hdhHgpxyniooUiQVaPxQ0
25,Polimá Westcoast,768O5GliF0bqscyghggrbE
26,Sech,77ziqFxp5gaInVrF2lj4ht
27,Ozuna,1i8SpTcr7yvPOmcqrbnVXY
28,Kanye West,5K4W6rqBFWDnAN6FQUkS6x
29,JAY-Z,3nFkdlSjzX9mRTtwJOzDYB
30,Billie Eilish,6qqNVTkY8uBg9cP3Jd7DAH
31,Juice WRLD,4MCBfE4596Uoi2O4DtmEMz
32,The Chainsmokers,69GGBxA162lTqCwzJG5jLp
33,Calvin Harris,7CajNmpbOovFoOoasH2HaY
34,Elton John,3PhoLpVuITZKcymswpck5b
35,Dua Lipa,6M2wZ9GZgrQXHCFfjv46we
36,Megan Thee Stallion,181bsRPaVXVlUKXrxwZfHK
37,Miley Cyrus,5YGY8feqx7naU7z4HrwZM6
38,Imagine Dragons,53XhwfbYqKCa1cC15pYq2q
39,XXXTENTACION,15UsOTVnJzReFVN1VCnxy4
40,Lil Peep,2kCcBybjl3SAtIcwdWpUe3
41,Tiago PZK,5Y3MV9DZ0d87NnVm56qSY1
42,DJ Snake,540vIaP2JwjQb9dm3aArA4
43,Tainy,0GM7qgcRCORpGnfcN2tCiB
44,ROSALÍA,7ltDVBr6mKbRvohxheJ9h1
45,Marshmello,64KEffDW9EtZ1y2vBYgq8T
46,Khalid,6LuN9FCkKOj5PcnpouEgny
47,Rihanna,5pKCCKE2ajJHZ9KAiaK11H
48,Maroon 5,04gDigrS5kc9YWfZHwBETP
49,Travis Scott,0Y5tJX1MQlPlqiwlOH1tJY
50,THE SCOTTS,2PaZWGu5T5nHjY2xxAkFsT
51,JACKBOYS,7A8S43ryYdbWpJKeHRZRcq
52,David Guetta,1Cs0zKBU1kc0i8ypK3B9ai
53,Black Eyed Peas,1yxSLGMDHlW21z4YXirZDS
54,Shouse,2TcGJdSOiOvITBzhvfX8XB
55,Galantis,4sTQVOfp9vEMCemLw50sbu
56,Becky Hill,4EPJlUEBy49EX1wuFOvtjK
57,Joel Corry,6DgP9otnZw5z6daOntINxp
58,Shawn Mendes,7n2wHs1TKAczGzO7Dd2rGr
59,Camilo,28gNT5KBp7IjEOQoevXf9N
60,Bruno Mars,0du5cEVh5yTK9QJze8zA0C
61,Daddy Yankee,4VMYDCV2IEDYJArk749S6m
62,Natti Natasha,1GDbiv3spRmZ1XdM1jQbT7
63,Luis Fonsi,4V8Sr092TqfHkfAA5fXXqG
64,Kendrick Lamar,2YZyLoL8N0Wb9xBt1NhZWg
65,Baby Keem,5SXuuuRpukkTvsLuUknva1
66,Sam Smith,2wY79sveU1sp5g7SokKOiI
67,Queen,1dfeR4HaWDbWqFHLkxsg1d
68,Beyoncé,6vWDO969PvNqNYHIOW5v0m
69,Fred again..,4oLeXFyACqeem2VImYeBFe
70,Gunna,2hlmm7s2ICUX0LVIhVFlZQ
71,One Direction,4AK6F7OLvEQ5QYCBNiQWHq
72,Lady Gaga,1HY2Jd0NmPuamShAr6KMms
73,J. Cole,6l3HvQ5sa6mXTsMTB19rO5
74,Dreamville,1iNqsUDUraNWrj00bqssQG
75,Nicki Minaj,0hCNtLu0JehylgoiP8L4Gh
76,KAROL G,790FomKkXshlbRYZFtlgla
77,Jason Derulo,07YZf4WDAMNwqr4jfgOZ8y
78,Migos,6oMuImdp5ZcFhWP0ESe6mG
79,Adele,4dpARuHxo51G3z768sgnrY
80,Chris Jedi,0qTZZWLzuD59Un5r1speHm
81,Anuel AA,2R21vXR83lH98kGeO99Y66
82,Halsey,26VFTg2z8YR0cCuwLzESi2
83,G-Eazy,02kJSzxNuaWGqwubyUba0Z
84,Machine Gun Kelly,6TIYQ3jFPwQSRmorSezPxX
85,The Beatles,3WrFJ7ztbogyGnTHbHJFl2
86,Rema,46pWGuE3dSwY3bMMXGBvVS
87,Selena Gomez,0C8ZW7ezQVs4URX5aX7Kqx
88,Kygo,23fqKkggKUBHNkbKtXEls4
89,Harry Styles,6KImCVD70vtIoJWnq6nGn3
90,Chris Brown,7bXgB6jMjp9ATFy66eO08Z
91,Rvssian,1fctva4kpRbg2k3v7kwRuS
92,Sarz,408vMm7y1227ASq7GmWygZ
93,Sia,5WUlDfRSoLAfcVSX1WnrxN
94,Maluma,1r4hJ1h58CWwUQe3MxPuau
95,Anitta,7FNnA9vBm6EKceENgCGRMb
96,Grupo Firme,1dKdetem2xEmjgvyymzytS
97,Reik,0vR2qb8m9WHeZ5ByCbimq2
98,Lil Uzi Vert,4O15NlyKLIASxsJ0PrXPfz
99,Pusha T,0ONHkAv9pCAFxb0zJwDNTy
100,Linkin Park,6XyY86QOPPrYVGvF9ch6wz
101,Twenty One Pilots,3YQKmKGau1PzlVlkL1iodx
102,Alesso,4AVFqumd2ogHFlRbKIjp1t
103,Katy Perry,6jJ0s89eD6GaHleKKya26X
104,Lana Del Rey,00FQb4jTyendYWaN8pK0wa
105,Rauw Alejandro,1mcTU81TzQhprhouKaTkpq
106,Shakira,0EmeFodog0BfCgMzAIvKQp
107,De La Ghetto,3EiLUeyEcA6fbRPSHkG5kb
108,Marc Seguí,5FQ8tBUtIamA2hRtatrYUF
109,Avicii,1vCWHaC5f2uS3yhpwWbIA6
110,Farruko,329e4yvIujISKGKz1BZZbO
111,Myke Towers,7iK8PXO48WeuP03g8YR51W
112,Alan Walker,7vk5e3vY1uw9plTHJAMwjN
113,Pedro Capó,4QVBYiagIaa6ZGSPMbybpy
114,Various Artists,1ZwdS5xdxEREPySFridCfh
115,Bazzi,4GvEc3ANtPPjt1ZJllr5Zl
116,Arctic Monkeys,7Ln80lUS6He07XvHI8qqHH
117,Becky G,4obzFoKoKRHIphyHzJ35G3
118,Tiësto,2o5jDhtHVPhrJdv3cEQ99Z
119,Sofía Reyes,0haZhu4fFKt0Ag94kZDiz2
120,Jawsh 685,56mfhUDKa1vec6rSLZV5Eg
121,Tesher,49YbNTLaaAbZHLtDI2aPGL
122,Red Hot Chili Peppers,0L8ExT028jH3ddEcZwqJJ5
123,Demi Lovato,6S2OmqARrzebs0tKUEyXyp
124,Clean Bandit,6MDME20pz9RveH9rEXvrOM
125,OneRepublic,5Pwc4xIPtQLFEnJriah9YJ
126,Mark Ronson,3hv9jJF3adDNsBSIQDqcjp
127,Prince Royce,3MHaV05u0io8fQbZ2XPtlC
128,Nicky Jam,1SupJlEpv7RS2tPNRaHViT
129,Romeo Santos,5lwmRuXgjX8xIwlnauTZIP
130,Dalex,0KPX4Ucy9dk82uj4GpKesn
131,Bizarrap,716NhGYqD1jl2wI1Qkgq36
132,Michael Jackson,3fMbdgg4jU18AjLCKBhRSm
133,Jay Wheeler,2cPqdH7XMvwaBJEVjheH8g
134,Blessd,1TA5sGRlKUJXBN4ZyJuDIX
135,Sebastian Yatra,07YUOmWljBTXwIseAUd9TW
136,Wiz Khalifa,137W8MRPWKqSmrBGDBFSop
137,Pitbull,0TnOYISbd1XYRBk9myaseg
138,Lil Baby,5f7VJjfbwm532GiveGC0ZK
139,NAV,7rkW85dBwwrJtlHRDkJDAC
140,DaBaby,4r63FhuTkUYltbVAg5TQnk
141,Quality Control,6i392l38cR3uBPF0DbNs7S
142,Mac Miller,4LLpKhyESsyAXpc4laK94U
143,Martin Garrix,60d24wfXkVzDSfLS6hyCjZ
144,Pop Smoke,0eDvMgVFoNV3TpwtrVCoTj
145,21 Savage,1URnnhqYAYcrqrcwql10ft
146,Pharrell Williams,2RdwBSPQiwcmiDo9kixcl8
147,Lasso,3SCOuAxngTC1yGjKMcIPEd
148,Carlos Vives,4vhNDa5ycK0ST968ek7kRr
149,Lin-Manuel Miranda,4aXXDj9aZnlshx7mzj3W1N
150,Olivia Rodrigo,1McMsnEElThX1knmY4oliG
151,GloRilla,2qoQgPAilErOKCwE2Y8wOG
152,Lizzo,56oDRnqbIiwx4mymNEv7dS
153,Panic! At The Disco,20JZFwl6HVl6yg8a4H3ZqK
154,Lil Wayne,55Aa2cqylxrFIXC767Z865
155,Metallica,2ye2Wgw4gimLv2eAKyk1NB
156,Mora,0Q8NcsJwoCbZOHHW63su5S
157,Chris Lebron,3GPTvhZ8XfH7WkHXidvELk
158,Dímelo Flow,3fZk3Gm5dN5v5yfYMQ04Bx
159,Rich Music LTD,2kqUKsTuEj1lPbm6BSn1AU
160,Lil Nas X,7jVv8c5Fj3E9VhNjxT4snq
161,Ellie Goulding,0X2BH1fck6amBIoJhDVmmJ
162,Alok,0NGAZxHanS9e0iNHpR8f2W
163,Young Thug,50co4Is1HCEo8bhOyUWKpn
164,Young Stoner Life,1xr2G8Hlx4QWmT9HaUbmoO
165,Lukas Graham,25u4wHJWxCA9vO0CzxAbK7
166,salem ilese,3QJUFtGBGL05vo0kCJZsmT
167,Major Lazer,738wLrAtLtCtFOLvQBXOXp
168,Wale,67nwj3Y5sZQLl72VNUHEYE
169,Snoop Dogg,7hJcb9fa4alzcOq3EaNPoG
170,2 Chainz,17lzZA2AlOHwCwFALHttmp
171,"Juicy J, Wiz Khalifa & Ty Dolla $ign",3C3RrU7G8jAZEP6X8YFCHC
172,Fall Out Boy,4UXqAaa6dQYAk18Lv7PEgX
173,AC/DC,711MCceyCBcFnzjGY4Q7Un
174,Blxst,4qXC0i02bSFstECuXP2ZpL
175,Tyga,5LHRHt1k9lMyONurDHEdrp
176,P!nk,1KCSPY1glIKqW2TotWuXOR
177,John Mayer,0hEurMDQu99nJRq8pTxO14
178,Trippie Redd,6Xgp2XMz1fhVYe7i6yNAax
179,Mustard,0YinUQ50QDB7ZxSCLyQ40k
180,Gucci Mane,13y7CgLHjMVRMDqxdx0Xdo
181,Logic,4xRYI6VqpkE3UwrDrAZL8L
182,James Arthur,4IWBUUAFIplrNtaOHcJPRM
183,Lost Frequencies,7f5Zgnp2spUuuzKplmRkt7
184,Sigala,1IueXOQyABrMOprrzwQJWN
185,Little Mix,3e7awlrlDSwF3iM0WBjGMp
186,Anne-Marie,1zNqDE7qDGCsyzJwohVaoX
187,88rising,1AhjOkOLkbHUfcHDSErXQs
188,Lauv,5JZ7CnR6gTvEMKX4g70Amv
189,"Tyler, The Creator",4V8LLVI7PbaPR0K2TGSxFF
190,Diplo,5fMUXHkw8R8eOP2RNVYEZX
191,Jack Ü,1HxJeLhIuegM3KgvPn8sTa
192,Silk City,2X97ZAqRKRMYFIDqtvGgGc
193,Joji,3MZsBdqDrRTJihTHQrO6Dq
194,Frank Ocean,2h93pZq0e7k5yf4dywlkpM
195,Macklemore,3JhNCzhSMTxs9WLGJJxWOY
196,Rudimental,4WN5naL3ofxrVBgFpguzKo
197,Macklemore & Ryan Lewis,5BcAKTbp20cv7tC5VqPFoC
198,A Boogie Wit da Hoodie,31W5EY0aAly4Qieq6OFu6I
199,Kodak Black,46SHBwWsqBkxI7EeeBEQG7
200,sped up nightcore,0M2CO5ijP35MDhNwvpgxTV
201,YoungBoy Never Broke Again,7wlFDEWiM5OoIAt8RSli8b
202,Quavo,0VRj0yCOv2FXJNP47XQnx5
203,A$AP Rocky,13ubrt8QOOCPljQ2FL1Kca
204,NF,6fOMl44jA4Sp5b9PpYCkzz
205,5 Seconds of Summer,5Rl15oVamLq7FbSb0NNBNy
206,Tom Odell,2txHhyCwHjUEpJjWrEyqyX
207,H.E.R.,3Y7RZ31TRPVadSFVy1o8os
208,Zedd,2qxJFvFYMEDqd7ui6kSAcq
209,Mulan - Cast,3AV16ISX9uoQFOUKJNHLJ5
210,Descendants – Cast,4J79AY6Z2927FTTAgHChuv
211,Alan Menken,5sy77gt4bfsLcSQ8GIe4ZZ
212,ZOMBIES – Cast,2L7RaHwfVU6ge64IJF8GO5
213,High School Musical Cast,2gUMs9PE8XZVQyzCDqaYmW
214,BLACKPINK,41MozSoPIsD1dJM0CLPjZF
215,$uicideboy$,1VPmR4DJC1PlOtd0IADAO0
216,Metro Boomin,0iEtIxbK0KxaSlF7G42ZOp
217,Green Day,7oPftvlwr6VrsViSDV7fJY
218,Nirvana,6olE6TJLqED3rqDCT0FyPh
219,SZA,7tYKF4w9nC0nq9CsPZTHyP
220,Summer Walker,57LYzLEk2LcFghVwuWbcuS
221,Luis Miguel,2nszmSgqreHSdJA3zWPyrW
222,Oliver Tree,6TLwD7HPWuiOzvXEa3oCNe
223,Mr. Probz,33W1pnW9zScZtYTnAoWnOT
224,Robin Schulz,3t5xRXzsuZmMDkQzgOX35S
225,Justin Quiles,14zUHaJZo1mnYtn6IBRaRP
226,Lilly Wood and The Prick,50OApTJurDusIo9dGTqSU4
227,Topic,0u6GtibW46tFX7koQ6uNJZ
228,Bob Marley & The Wailers,2QsynagSdAqZj3U9HgDzjD
229,Trolls,05S6yFOzexsgurWstJlBqK
230,Justin Timberlake,31TPClRtHm23RisEBtV3X7
231,The Neighbourhood,77SW9BnxLY8rJ0RciFqkHh
232,blackbear,2cFrymmkijnjDg9SS92EPM
233,BoyWithUke,1Cd373x8qzC7SNUg5IToqp
234,Kane Brown,3oSJ7TBVCWMDMiYjXNiCKE
235,Lewis Capaldi,4GNC7GD6oZMSxPGyXy4MNB
236,Whitney Houston,6XpaIBNiVzIetEPCWDvAFP
237,NEIKED,5H6xmHXjsq98NLbEjuE29f
238,Marília Mendonça,1yR65psqiazQpeM79CcGh8
239,Hugo & Guilherme,1LIuN7ov1IBQDdLsU83ojl
240,George Henrique & Rodrigo,3FlCKtwOEYQQYyGVEbxG2Z
241,LUDMILLA,3CDoRporvSjdzTrm99a3gi
242,TINI,7vXDAI8JwjW531ouMGbfcp
243,PEDRO SAMPAIO,5wbf52LA6kcaboHSN6NEF1
244,Bebe Rexha,64M6ah0SkkRsnPGtGiRAbb
245,Fleetwood Mac,08GQAI4eElDnROBrJRGE0X
246,Zara Larsson,1Xylc3o4UrD53lo9CvFvVg
247,Enrique Iglesias,7qG3b048QCHVRO5Pv1T5lw
248,Pink Floyd,0k17h0D3J5VfsdmQ1iZtE9
249,Britney Spears,26dSoYclwsYLMAKD3tpOr4
250,ALTÉGO,2f1gRV8q7Wua3x7dkoWrbS
251,The Rolling Stones,22bE4uQ6baNwSHPVcDxLCe
252,Guns N' Roses,3qm84nBOXUEQ2vnTfUTTFC
253,Michael Bublé,1GxkXlMwML1oSg5eLPiAz3
254,Fivio Foreign,14CHVeJGrR5xgUGQFV5BVM
255,Flo Rida,0jnsk9HBra6NMjO2oANoPY
256,Kid Cudi,0fA0VVWsXO9YnASrzqfmYu
257,Ty Dolla $ign,7c0XG5cIJTrrAgEC3ULPiq
258,Kehlani,0cGUm45nv7Z6M6qdXYQGTX
259,Marca MP,44mEtidu0VdRkIqO4IbkNa
260,Russ,1z7b1Pr1rSlvWRzsW3HOrS
261,Jesse & Joy,1mX1TWKpNxDSAH16LgDfiR
262,Internet Money,6MPCFvOQv5cIGfw3jODMF0
263,Lil Durk,3hcs9uc56yIGFCSy9leWe7
264,2Pac,1ZwdS5xdxEREPySFridCfh
265,Polo G,6AgTAQt8XS6jRWi4sX7w49
266,Lil Tjay,6jGMq4yGs7aQzuGsMgVgZR
267,Jonas Blue,1HBjj22wzbscIZ9sEb5dyf
268,Childish Gambino,73sIBHcqh3Z3NyqHKZ7FOL
269,Gorillaz,3AA28KZvwAUcZuOKwyblJQ
270,50 Cent,3q7HBObVc0L8jNeTe5Gofh
271,Ava Max,4npEfmQ6YuiwW1GpUmaq3F
272,Witt Lowry,5ghnxpW47ojtLHHyTLdxdY
273,Bastille,7EQ0qTo7fWT7DPxmxtSYEc
274,Yuridia,5B8ApeENp4bE4EE3LI8jK2
275,Christian Nodal,0XwVARXT135rw8lyw1EeWP
276,Banda MS de Sergio Lizárraga,2C6i0I5RiGzDKN9IAF8reh
277,Elvis Presley,43ZHCT0cAZBISjO8DG9PnE
278,ELVIS (Original Motion Picture Soundtrack),0wSptim34zryhQliDEUeQT
279,Luke Combs,718COspgdWOnwOFpJHRZHS
280,Lorde,163tK9Wjr9P9DmM0AVK7lm
281,David Bowie,0oSGxfWSnnOXhD2fKuz2Gy
282,Hozier,2FXC3k01G6Gw61bmprjgqS
283,MEDUZA,0xRXCcSX89eobfrshSVdyu
284,Maren Morris,6WY7D3jk8zTrHtmkqqo5GI
285,Usher,23zg3TcAtWQy7J6upgbUnj
286,Mau y Ricky,2wkoKEfS6dXwThbyTnZWFU
287,Mariah Carey,4iHNK0tOyZPYnBU7nGAgpQ
288,Latto,3MdXrJWsbVzdn6fe5JYkSQ
289,Busta Rhymes,1YfEcTuGvBQ8xSD1f53UnK
290,Playboi Carti,699OTQXzgjhIYAHMy9RyPD
291,Manuel Turizo,0tmwSHipWxN12fsoLcFU3B
292,Piso 21,4bw2Am3p9ji3mYsXNXtQcd
293,Fuego,7wU2WGCJ8HxkekHHE2QLul
294,MYA,6lHL3ubAMgSasKjNqKb8HF
295,Alessia Cara,2wUjUUtkb5lvLKcGKsKqsR
296,The Killers,0C0XlULifJtAgn6ZNCW2eu
297,Foo Fighters,7jy3rLJdDQY21OgRLCZ9sD
298,Tory Lanez,2jku7tDXc6XoB6MO2hFuqg
299,Jack Harlow,2LIk90788K0zvyj2JJVwkJ
300,Diljit Dosanjh,2FKWNmZWDBZR4dE5KX4plR
301,Roddy Ricch,757aE44tKEUQEqRuT6GnEB
302,42 Dugg,45gHcnDnMC15sgx3VL7ROG
303,NLE Choppa,0ErzCpIMyLcjPiwT4elrtZ
304,Big Sean,0c173mlxpT3dSFRgMO8XPh
305,French Montana,6vXTefBL93Dj5IqAWq6OTv
306,Benzz,2GYIFLUsVVHPPUzOfJndRh
307,A$AP Ferg,5dHt1vcEm9qb8fCyLcB3HL
308,Fat Joe,3ScY9CQxNLQei8Umvpx5g6
309,BLEU,3KNIG74xSTc3dj0TRy7pGX
310,Stefflon Don,2ExGrw6XpbtUAJHTLtUXUD
311,U2,51Blml2LZPmy7TTiAg47vQ
312,Labrinth,2feDdbD5araYcm6JhFHHw7
313,Daft Punk,4tZwfgrHOc3mvqYlEYSvVi
314,Henrique & Juliano,3p7PcrEHaaKLJnPUGOtRlT
315,Luan Santana,3qvcCP2J0fWi0m0uQDUf6r
316,Bruno & Marrone,5JXhkyafynxCvxtov7C1PV
317,Led Zeppelin,36QJpDe2go2KgaRleHCDTp
318,Radiohead,4Z8W4fKeB5YxbusRsdQVPb
319,Meek Mill,20sxb77xiYeusSH8cVdatc
320,Gera MX,2hejA1Dkf8v8R0koF44FvW
321,Kany García,69UypehHabb68utzfjAVlV
322,Maná,7okwEbXzyT2VffBmyQBWLz
323,blink-182,6FBDaR13swtiWwGhX1WQsP
324,Jorge & Mateus,1elUiq4X7pxej6FRlrEzjM
325,Diego & Victor Hugo,3k68C6mNMJL6OaAdWeW2ZF
326,Clayton & Romário,1tKrZaph4cLsnEdqC5BNEQ
327,Dilsinho,4NUePmzDvCYqilXBFa91Hg
328,Morgan Wallen,4oUHIQIBe0LHzYfvXNW4QM
329,Skrillex,5he5w2lnU9x7JFhnwcekXX
330,Paulo Londra,3vQ0GE3mI0dAaxIMYe5g7z
331,John Legend,5y2Xq6xcjJb2jVM54GHK3t
332,Faouzia,5NhgsV7qPWHZqYEMKzbYvo
333,Meghan Trainor,6JL8zeS1NmiOftqZTRgdTz
334,System Of A Down,5eAWCfyUhZtHHtBdNk56l1
335,Frank Sinatra,1Mxqyy3pSjf8kZZL4QVxS0
336,The Notorious B.I.G.,5me0Irg2ANcsgc93uaYrpb
337,Don Omar,33ScadVnbm2X8kkUqOkC6Z
338,Tame Impala,5INjqkS1o8h1imAzPqGZBb
339,The 1975,3mIj9lX2MWuHmhNCA7LSCW
340,Melanie Martinez,63yrD80RY3RNEM2YDpUpO8
341,Rae Sremmurd,7iZtZyCzp3LItcw1wtPI3D
342,TWICE,7n2Ycct7Beij7Dj7meI4X0
343,Sam Feldt,20gsENnposVs2I4rQ5kvrf
344,Rita Ora,5CCwRZC6euC8Odo6y9X8jr
345,Liam Payne,5pUo3fmmHT8bhCyHE52hA6
346,Muse,12Chz98pHFMPJEknJQMWvI
347,Jack Johnson,3GBPw9NK25X1Wt2OUvOwY3
348,Paramore,74XFHRwlV6OrjEM0A2NCMF
349,Slipknot,05fG473iIaoy82BF1aGhL8
350,ABBA,0LcJLqbBmaGUft1e9Mm8HV
351,Bon Jovi,58lV9VcRSjABbAbfWS6skp
352,ZAYN,5ZsFI1h6hIdQRw2ti0hz81
353,SHAED,3KwmxIhSe9UTSEF37kwngR
354,Duki,1bAftSH8umNcGZ0uyV7LMg
355,Morat,5C4PDR4LnhZTbVnKWXuDKD
356,Rvfv,2CCgb0KApjfQDuTppovpf8
357,Eladio Carrion,5XJDexmWFLWOkjOEjOVX3e
358,Beret,0ZHPrnImGh4re3TbSNkoZl
359,Sean Paul,3Isy6kedDrgPYoTS1dazA9
360,Spice,0uq5PttqEjj3IH1bzwcrXF
361,INNA,2w9zwq3AktTeYYMuhMjju8
362,Gusttavo Lima,7MiDcPa6UiV3In7lIM71IN
363,Bruno & Denner,0jLROJ4FhMIKMF9XzlR5IZ
364,6ix9ine,7gZfnEnfiaHzxARJ2LeXrf
365,Oasis,2DaxqgrOhkeH0fpeiQq2f4
366,Rammstein,6wWVKhxIU2cEi0K81v7HvP
367,The Lumineers,16oZKvXb6WkQlVAjwo2Wbg
368,Troye Sivan,3WGpXCj9YhhfX11TToZcXP
369,Regard,4ofCBoyEiGSePFAG500xev
370,OMI,5MouCg6ta7zAxsfMEbc1uh
371,Felix Jaehn,4bL2B6hmLlMWnUEZnorEtG
372,Nea,69Etpls5a2aATUkB6NInTY
373,Toby Romeo,2XnY6NZ6rENbLMYabjkRey
374,NOTD,5jAMCwdNHWr7JThxtMuEyy
375,VIZE,09agIJMxCD2k87ys9Al0f0
376,Zion & Lennox,21451j1KhjAiaYKflxBjr1
377,Kim Loaiza,1QivQCLVipV61DiQiyV14A
378,Hailee Steinfeld,5p7f24Rk5HkUZsaS3BLG5F
379,Alicia Keys,3DiDSECUqqY1AuBP8qtaIa
380,Madonna,6tbjWDEIzxoDsBA1FuhfPW
381,Disclosure,6nS5roXSAGhTGr34W6n7Et
382,Creedence Clearwater Revival,3IYUhFvPQItj6xySrBmZkd
383,Jess Glynne,4ScCswdRlyA23odg9thgIO
384,Alex Newell,2vGaSKEDFsVPBgcnGxqlBN
385,Tove Lo,4NHQUGzhtTLFvgF5SZesLK
386,Florida Georgia Line,3b8QkneNDz4JHKKKlLgYZg
387,Nelly,2gBjLmx6zQnFGQJCAQpRgw
388,Cheat Codes,7DMveApC7UnC2NPfPvlHSU
389,Maggie Lindemann,0uGk2czvcpWQA383Im6ajf
390,Kings of Leon,2qk9voo8llSGYcZ6xrBzKx
391,My Chemical Romance,7FBcuc1gsnv6Y1nwFtNRCb
392,Florence + The Machine,1moxjboGR7GNWYIMWsRjgG
393,Pritam,1wRPtKGflJrBx9BmLsSwlU
394,Mithoon,09UmIX92EUH9hAK4bxvHx6
395,Arijit Singh,4YRxDV8wJFPHPTeXepOstw
396,Five Finger Death Punch,5t28BP42x2axFnqOOMg3CM
397,Glass Animals,4yvcSjfu4PC0CYQyLy4wSq
398,Lenny Tavárez,1pQWsZQehhS4wavwh7Fnxd
399,Jhay Cortez,0EFisYRi20PTADoJrifHrz
400,Los Legendarios,0n6sKrG0xKAf8xmdqeNGke
401,Wisin,1wZtkThiXbVNtj6hee6dz9
402,Wisin & Yandel,1wZtkThiXbVNtj6hee6dz9
403,The Script,3AQRLZ9PuTAozP28Skbq8V
404,Masked Wolf,1uU7g3DNSbsu0QjSEqZtEd
405,Nickelback,6deZN1bslXzeGvOLaLMOIF
406,Chance the Rapper,1anyVhU62p31KFi8MEzkbf
407,Luke Bryan,0BvkDsjIUla7X0k6CSWh1I
408,Bruce Springsteen,3eqjTLE0HfPfh78zjh6TqT
409,Zé Neto & Cristiano,487N2T9nIPEHrlTZLL3SQs
410,Luíza & Maurílio,0UbJJayomun8CvZKCPH9j3
411,DJ Lucas Beat,2zWqENF4cnsd1nLmraG9IE
412,Jason Mraz,4phGZZrJZRo4ElhRtViYdl
413,Mabel,1MIVXf74SZHmTIp4V4paH4
414,Craig David,2JyWXPbkqI5ZJa3gwqVa0c
415,Roxette,2SHhfs4BiDxGQ3oxqf0UHY
416,Chris Young,4BYxqVkZyFjtik7crYLg5Q
417,Ne-Yo,21E3waRsmPlU7jZsS13rcj
418,Fifth Harmony,1l8Fu6IkuTP0U5QetQJ5Xt
419,Boyce Avenue,7CQwac16i1W5ej8YpuL3dv
420,Arcangel,4SsVbpTthjScTS7U2hmr1X
421,Revol,2wYOpkTJZGByNEOjEnSmoW
422,A Great Big World,5xKp3UyavIBUsGy3DQdXeF
423,Christina Aguilera,1l7ZsJRRS8wlW3WfJfPfNS
424,6LACK,4IVAbR2w4JJNJDDRFP3E83
425,Jessie Reyez,3KedxarmBCyFBevnqQHy3P
426,Luísa Sonza,4PzYKhC14sTJNEr0dzoo0d
427,Vince Staples,68kEuyFKyqrdQQLLsmiatm
428,Kevin Gates,1gPhS1zisyXr5dHTYZyiMe
429,Jonas Brothers,7gOdHgIoIKoe4i9Tta6qdD
430,Avril Lavigne,0p4nmQO2msCgU4IF37Wi3j
431,Glee Cast,0SCbttzoZTnLFebDYmAWCm
432,Bring Me The Horizon,1Ffb6ejR6Fe5IamqA5oRUF
433,Bryson Tiller,2EMAnMvWE2eb56ToJVfCWs
434,Diddy,59wfkuBoNyhDMQGCljbUbA
435,Niall Horan,1Hsdzj7Dlq2I7tHP7501T4
436,Ashe,6P5NO5hzJbuOqSdyPB7SJM
437,Vance Joy,10exVja0key0uqUkk6LJRT
438,Alejandro Fernández,6sq1yF0OZEWA4xoXVKW1L9
439,La Arrolladora Banda El Limón De Rene Camacho,5bSfBBCxY8QAk4Pifveisz
440,Nardo Wick,0Njy6yR9LykNKYg9yE23QN
441,Only The Family,3IaKn0ExWTMPqa0mscUYw3
442,Thalia,23wEWD21D4TPYiJugoXmYb
443,Luny Tunes,5pZE9tgrhmIGWAsJZ7YxNK
444,"Héctor ""El Father""",2TjgzYcbTdsZjbT9OItIeB
445,Aerosmith,7Ey4PD4MYsKc5I2dolUwbH
446,Hans Zimmer,0YC192cP3KPCRWx8zr8MfZ
447,EST Gee,4FlG0V0jhLO4qGpayFOphj
448,Stevie Wonder,7guDJrEfX3qb6FEbdPA5qi
449,Kelly Clarkson,3BmGtnKgCSGYIUhmivXKWX
450,Alex Rose,2DspEsT7UXGKd2VaaedgG4
451,Boza,2NfSBtmWe7oPw1EmetJVso
452,Jennifer Lopez,2DlGxzQSjYe5N6G9nkYghR
453,Thomas Rhett,6x2LnllRG5uGarZMsD4iO8
454,Capital Bra,4WZGDpNwrC0vNQyl9QzF7d
455,Farid Bang,2JwyRtuXf2l6sTnSnGVIa1
456,Samra,6h1s4i4XKIYv4ErDelLDN0
457,Ra'is,6zPsF3A9PvZ4s0NG6z76up
458,LEA,47mIJdHORyRerp4os813jD
459,Kalazh44,5sRQkVexJlax2iISuqL8cV
460,Pearl Jam,1w5Kfo2jwwIPruYS2UWh56
461,Johnny Cash,6kACVPfCOnqzgfEF5ryl0x
462,The Highwaymen,6e7QpHYqEiyJGiM98IysLa
463,Bob Dylan,74ASZWbe4lXaubB36ztrGX
464,Foreign Teck,12lHTAdc9T204lw5qPtasv
465,Disturbed,3TOqt5oJwL9BE2NG9MEwDa
466,YG,0A0FS04o6zMoto8OKPsDwY
467,James Bay,4EzkuveR9pLvDVFNx6foYD
468,Lil Tecca,4Ga1P7PMIsmqEZqhYZQgDo
469,Amy Winehouse,6Q192DXotxtaysaqNPy5yR
470,YNW Melly,1cNDP5yjU5vjeR8qMf4grg
471,Lil Pump,3wyVrVrFCkukjdVIdirGVY
472,El Alfa,2oQX8QiMXOyuqbcZEFsZfm
473,Miguel,360IAlyVv4PCEVjgyMZrxK
474,Aventura,1qto4hHid1P71emI6Fd8xi
475,Flume,6nxWCVXbOlEVRexSbLsTer
476,Seekae,4lCsf6uYTVnWSKm99eKkdY
477,Billy Joel,6zFYqv1mOsgBRQbae3JJ9e
478,Kesha,6LqNN22kT3074XbTVUrhzX
479,Casper Magico,1fux65HMCBvfJHqlBc4Nno
480,Milly,7dDYME7Y3GoEQotd8gUvQg
481,Julia Michaels,0ZED1XzwlLHW4ZaG4lOT6m
482,JP Saxe,66W9LaWS0DPdL7Sz8iYGYe
483,Noah Kahan,2RQXRUsr4IW1f3mKyKsy4B
484,Swae Lee,1zNqQNIdeOUZHb8zbZRFMX
485,Akon,0z4gvV4rjIZ9wHck67ucSV
486,Vishal-Shekhar,6Mv8GjQa7LKUGCAqa9qqdb
487,Tones And I,2NjfBq1NflQcKSeiDooVjY
488,Calibre 50,4jogXSSvlyMkODGSZ2wc2P
489,Joan Sebastian,7FsRH5bw8iWpSbMX1G7xf1
490,Backstreet Boys,5rSXSAkZ67PYJSvpUpkOr7
491,Dr. Dre,6DPYiyq5kWVQS4RGwxzPC7
492,Phil Collins,4lxfqrEsLX6N1N4OCSkILp
493,Disney,3xvaSlT4xsyk6lY1ESOspO
494,Philip Bailey,6ZNeppgfBLPUyugks9Yn1u
495,Lil Skies,7d3WFRME3vBY2cgoP38RDo
496,Bankrol Hayden,0Yr4BBpK2dkCp2UsrJ9LZN
497,$NOT,5IbEL2xjRtKsunfmsahLuO
498,Jason Aldean,3FfvYsEGaIb52QPXhg4DcH
499,Eagles,0ECwFtbIWEVNwjlrfc6xoL
500,Matheus & Kauan,2Z0lRIqr997lIUiPtrpKCr
501,Cleber & Cauan,6Y8pfJkEdw4EAST4g9C026
502,João Neto & Frederico,2FrLTuXGuFDzQsjKidB03W
503,KAYTRANADA,6qgnBH6iDM91ipVXv28OMu
504,Freddie Gibbs,0Y4inQK6OespitzD6ijMwb
505,The Offspring,5LfGQac0EIXyAN8aUwmNAQ
506,Conan Gray,4Uc8Dsxct0oMqx0P6i60ea
507,George Ezra,2ysnwxxNtSgbb9t1m2Ur4j
508,The Strokes,0epOFNiUfyON9EYx7Tpr6V
509,Three Days Grace,2xiIXseIJcq3nG7C8fHeBj
510,24kGoldn,6fWVd57NKTalqvmjRd2t8Z
511,Ricardo Arjona,0h1zs4CTlU9D2QtgPxptUD
512,Dan + Shay,7z5WFjZAIYejWy0NI5lv4T
513,MC Rogerinho,5JbQpbeFaKfuZVFzKwaawP
514,Wesley Safadão,1AL2GKpmRrKXkYIcASuRFa
515,Dj Guuga,1cNPXWhKfjI0fT5EMCnamR
516,Tierry,4FUMTycjZlEY6ZxMgqNjC8
517,Marcynho Sensação,4dnPDc045bVjibyATxVUOs
518,Ninho,6Te49r3A6f5BiIgBRxH7FH
519,No Limit,2Ns3GuAU2LYllDr7z20d0e
520,Avenged Sevenfold,0nmQIMXWTXfhgOBdNzhGOs
521,Alejandro Sanz,5sUrlPAHlS9NEirDB8SEbF
522,Måneskin,0lAWpj5szCSwM4rUMHYmrr
523,Cartel De Santa,07PdYoE4jVRF6Ut40GgVSP
524,Jeremih,3KV3p5EY4AvKxOlhGHORLg
525,Céline Dion,4S9EykWXhStSc15wEx8QFK
526,Danny Ocean,5H1nN1SzW0qNeUEZvuXjAj
527,LAGOS,7uQ1D2NNHs5cUL3CLKRbia
528,Mike Bahía,1phfTBIocBW3UwqcYjaEN6
529,Leo Rizzi,2281RSmb2cN6knnt0Iarb2
530,Rels B,2IMZYfNi21MGqxopj9fWx8
531,Aleman,4QFG9KrGWEbr6hNA58CAqE
532,Mumford & Sons,3gd8FJtBJtkRxdfbTu19U2
533,Ricky Martin,7slfeZO9LsJbWgpkIoXBUJ
534,Calum Scott,6ydoSd3N2mwgwBHtF6K7eX
535,Murilo Huff,3hq7WoPJsrRP0KMSLhUgRz
536,Israel & Rodolffo,41QLxRXlc2NwfJZkHGHKid
537,Maiara & Maraisa,59jlthNnbmim5l9tmNA7se
538,Lauana Prado,6TYimByryGphZCtwYopH0y
539,Saweetie,6cK3NBO6uP7hh0oyuVELFl
540,Marc Anthony,4wLXwxDeWQ8mtUIRPxGiD6
541,Natanael Cano,0elWFr7TW8piilVRYJUe4P
542,Steve Aoki,77AiFEVeAVj2ORpC85QVJs
543,Alec Benjamin,5IH6FPUwQTxPSXurCrcIov
544,Sista Prod,7cSbcJTJBBSXDjRNR2qD61
545,Dream,1iNqsUDUraNWrj00bqssQG
546,Train,3FUY2gzHeIiaesXtOAdB7A
547,Dirty Heads,6GkJh85o22LfD2vgL9DP6f
548,Lil Mosey,5zctI4wO9XSKS8XwcnqEHk
549,LIT killah,1vqR17Iv8VFdzure1TAXEq
550,Daniel Caesar,20wkVLutqVOYrc0kxFs7rA
551,Omar Apollo,5FxD8fkQZ6KcsSYupDVoSO
552,Jimmie Allen,147nKr9upHZSSxqCzh9j7c
553,Bee Gees,1LZEQNv7sE11VDY3SdxQeN
554,Passenger,0gadJ2b9A4SKsB1RFkBb66
555,R3HAB,6cEuCEZu7PAE9ZSzLLc2oQ
556,Tate McRae,45dkTj5sMRSjrmBSBeiHym
557,Pablo Alborán,5M9Bb4adKAgrOFOhc05Y50
558,Foster The People,7gP3bB2nilZXLfPHJhMdvc
559,Dire Straits,0WwSkZ7LtFUFjGjMZBMt6T
560,Bryan Adams,3Z02hBLubJxuFJfhacLSDc
561,CNCO,0eecdvMrqBftK0M1VKhaF4
562,PRETTYMUCH,5Y8eJDj37KhaEeqbVO7Ag1
563,Armin van Buuren,0SfsnGyD8FpIN4U4WCkBZ5
564,Lil Jon,7sfl4Xt5KmfyDs2T3SVSMK
565,Trey Songz,2iojnBLj0qIMiKPvVhLnsH
566,Dean Lewis,3QSQFmccmX81fWCUSPTS7y
567,LANY,49tQo2QULno7gxHutgccqF
568,Kelsea Ballerini,3RqBeV12Tt7A8xH3zBDDUF
569,220 KID,4Euia7UzdRshy1DJOSMTcs
570,Gabry Ponte,5ENS85nZShljwNgg4wFD7D
571,Afrojack,4D75GcNG95ebPtNvoNVXhz
572,Andy Grammer,2oX42qP5ineK3hrhBECLmj
573,Fireboy DML,75VKfyoBlkmrJFDqo1o2VY
574,Minelli,5T0j6On1EthT2QVNXh8vqc
575,Jeremy Zucker,3gIRvgZssIb9aiirIg0nI3
576,John Williams,3dRfiJ2650SZu6GbydcHNb
577,Pentatonix,26AHtbjWKiwYzsoGoUZq53
578,James Blunt,7KMqksf0UMdyA0UCf4R3ux
579,Stray Kids,2dIgFjalVxs4ThymZ67YCE
580,Cage The Elephant,26T3LtbuGT1Fu9m0eRq5X3
581,Fetty Wap,6PXS4YHDkKvl1wkIl4V8DL
582,The Police,5NGO30tJxFlKixkPSgXcFE
583,Wilkinson,6m8itYST9ADjBIYevXSb1r
584,Oliver Heldens,5nki7yRhxgM509M5ADlN1p
585,MK,2l35CQqtYRh3d8ZIiBep4v
586,Marvin Gaye,3koiLjNrgRTNbOwViDipeA
587,Ski Mask The Slump God,2rhFzFmezpnW82MNqEKVry
588,DJ Scheme,1m7LSAMIB1BErIHYSOn32W
589,Feid,2LRoIwlKmHjgvigdNGBHNo
590,Alejo,50sIhX3HytFEwQXZJLUZQE
591,Ryan Castro,7j6DKwmjbxvpQO8h914uEz
592,Nacho,2ayNSoKPCRAfjp6hQ76hRu
593,Yandel,0eHQ9o50hj6ZDNBt6Ys1sD
594,Elderbrook,2vf4pRsEY6LpL5tKmqWb64
595,RAYE,5KKpBU5eC2tJDzf0wmlRp2
596,Bibi Blocksberg,3t2iKODSDyzoDJw7AsD99u
597,ScHoolboy Q,5IcR3N7QB1j6KBL8eImZ8m
598,Zac Brown Band,6yJCxee7QumYr820xdIsjo
599,Jax Jones,4Q6nIcaBED8qUel8bBx6Cr
600,Jhené Aiko,5ZS223C6JyBfXasXxrRqOk
601,Sam Hunt,2kucQ9jQwuD8jWdtR9Ef38
602,Ingrid Andress,0jPnVIasXzBYjrlpO5irii
603,Sasha Alex Sloan,4xnihxcoXWK3UqryOSnbw5
604,SHAUN,72nLe76yBFSlP6VBzME358
605,AJ Mitchell,6dn6x1XOng3LOAnfTjUn77
606,John K,73eAAfRkS2Vi4hx68oTJJE
607,Offset,4DdkRBBYG6Yk9Ka8tdJ9BW
608,SleazyWorld Go,7FOQfJbC3e4GNoheojERnF
609,Charli XCX,25uiPmTg16RbhZWAqwLBy5
610,Juanes,0UWZUmn7sybxMCqrw9tGa7
611,ILLENIUM,45eNHdiiabvmbp4erw26rg
612,Dillon Francis,5R3Hr2cnCCjt220Jmt2xLf
613,Gryffin,2ZRQcIgzPCVaT9XKhXZIzh
614,Chris Stapleton,4YLtscXsxbVgi031ovDDdh
615,PARTYNEXTDOOR,2HPaUgqeutzr3jx5a9WyDV
616,Hillsong Worship,3SgHzT552wy2W8pNLaLk24
617,Iron Maiden,6mdiAmATAx73kdxrNrnlao
618,Los Ángeles Azules,0ZCO8oVkMj897cKgFH7fRW
619,Kali Uchis,1U1el3k54VvEUzo3ybLPlM
620,Amaarae,21UPYSRWFKwtqvSAnFnSvS
621,Don Toliver,4Gso3d4CscCijv0lmajZWs
622,Skillet,49bzE5vRBRIota4qeHtQM8
623,Bomba Estéreo,5n9bMYfz9qss2VOW89EVs2
624,Badshah,0y59o4v8uw5crbN9M3JiL1
625,alt-J,3XHO7cRUPCLOr6jwp8vsx5
626,Blake Shelton,1UTPBmNbXNTittyMJrNkvw
627,DDG,0WK3H9OErSn5zKOkOV5egm
628,Vicente Fernández,4PPoI9LuYeFX8V674Z1R6l
629,Maria Becerra,1DxLCyH42yaHKGK3cl5bvG
630,Lola Indigo,3bvfu2KAve4lPHrhEFDZna
631,Journey,0rvjqX7ttXeg3mTy8Xscbt
632,The Vamps,7gAppWoH7pcYmphCVTXkzs
633,BROCKHAMPTON,1Bl6wpkWCQ4KVgnASpvzzA
634,Bonez MC,1aS5tqEs9ci5P9KD9tZWa6
635,RAF Camora,0Dvx6p8JDyzeOPGmaCIH1L
636,Makar,4YW1GDcW9hobRPMDi8v6XH
637,Weezer,3jOstUTkEu2JkjvRdBA5Gu
638,Tim McGraw,6roFdX1y5BYSbp60OTJWMd
639,FMK,0dUyjgCyjfj5eMx6bX2TWf
640,Micro TDH,1aWJsBQa67l72j1VT3D6Ow
641,Danna Paola,5xSx2FM8mQnrfgM1QsHniB
642,The Black Keys,7mnBLXK823vNxN3UWB7Gfz
643,Soda Stereo,7An4yvF7hDYDolN4m5zKBp
644,Mike Posner,2KsP6tYLJlTBvSUxnwlVWa
645,Bon Iver,4LEiUm1SRbFMgfqnQTwUbQ
646,Juan Gabriel,2MRBDr0crHWE5JwPceFncq
647,Imanbek,5rGrDvrLOV2VV8SCFVGWlj
648,SAINt JHN,0H39MdGGX6dbnnQPt6NQkZ
649,Korn,3RNrq3jvMZxD9ZyoOZbQOD
650,Lunay,47MpMsUfWtgyIIBEFOr4FE
651,Young Martino,7Kh6SBEGtFtqjYo5bN0ACG
652,The Doors,22WZ7M8sxp5THdruNY3gXt
653,Madison Beer,2kRfqPViCqYdSGhYSM9R0Q
654,K/DA,4gOc8TsQed9eqnqJct2c5v
655,Surf Mesa,1lmU3giNF3CSbkVSQmLpHQ
656,The Cure,7bu3H8JO7d0UbMoVzbo70s
657,Rise Against,6Wr3hh341P84m3EI8qdn9O
658,Why Don't We,2jnIB6XdLvnJUeNTy5A0J2
659,Carly Rae Jepsen,6sFIWsNpZYqfjUpaCgueju
660,Owl City,07QEuhtrNmmZ0zEcqE9SF6
661,Lewis OfMan,1hkRfKGoJisJDbo6eSf1pg
662,Supermode,7urnl0uH1w3NCoErxw7AUK
663,JP Cooper,4kYGAK2zu9EAomwj3hXkXy
664,Emily Burns,6Gi8ZaXGx8MK79HwzXpuVZ
665,Gabrielle Aplin,3w6zswp5THsSKYLICUbDTZ
666,PNL,3NH8t45zOTqzlZgBvZRjvB
667,Papa Roach,4RddZ3iHvSpGV4dvATac9X
668,Lil Yachty,6icQOAFXDZKsumw3YXyusw
669,Bhad Bhabie,7DuTB6wdzqFJGFLSH17k8e
670,Remble,65s98MYZ4xFpgKlUYS5XKw
671,AJ Tracey,4Xi6LSfFqv26XgP9NKN26U
672,MARINA,6CwfuxIqcltXDGjfZsMd9A
673,Ludovico Einaudi,2uFUBdaVGtyMqckSeCl0Qj
674,Rex Orange County,7pbDxGE6nQSZVfiFdq9lOL
675,Birdy,2WX2uTcsvV5OnS0inACecP
676,RHODES,07FfkbljNIdl45Ijlh1aXS
677,Hybrid Minds,05lF0DUkLJqiW5o70SScyR
678,Outkast,1G9G7WwrXka3Z1r7aIDjI7
679,Bruno & Barretto,70x9rYb58QCNNeNxuO3StS
680,Zé Felipe,7cmuxPnXRJxwuYDHfbD8Eu
681,Os Barões Da Pisadinha,5Lv2GUVwqmQBPwrTrxucE5
682,T.I.,4OBJLual30L7gRl5UkeRcT
683,E-40,3crnzLy8R4lVwaigKEOz7V
684,Noah Cyrus,55fhWPvDiMpLnE4ZzNXZyW
685,PJ Harding,1RryIbDjpwt00AKkSpCGvP
686,Sabrina Carpenter,74KM79TiuVKeVCqs8QtB0B
687,Depeche Mode,762310PdDnwsDxAQxzQkfX
688,Kenny Chesney,3grHWM9bx2E9vwJCdlRv9O
689,C. Tangana,5TYxZTjIPqKM8K8NuP9woO
690,Omar Montes,3lY9Fxceu60W1rbon7PkuF
691,Eric Church,2IvkS5MXK0vPGnwyJsrEyV
692,Mike WiLL Made-It,0NWbwDZY1VkRqFafuQm6wk
693,Dave Matthews Band,2TI7qyDE0QfyOlnbtfDo7L
694,Destiny's Child,1Y8cdNmUJH7yBTd9yOvr5i
695,Paul McCartney,4STHEaNw4mPZ2tzheohgXB
696,Norah Jones,2Kx7MNY7cI1ENniW7vT30N
697,Eric Clapton,6PAt558ZEZl0DmdXlnjMgD
698,John Mayall & The Bluesbreakers,2ScuQMRWThcifBRIvNDFDC
699,The Game,0NbfKEOTQCcwd6o7wSDOHI
700,Warren G,2B4ZHz4QDWJTXPFPgO5peE
701,The Beach Boys,3oDbviiivRWhXwIE8hxkVV
702,EXO,3cjEqqelV9zb4BYE3qDQ4O
703,Simon & Garfunkel,70cRZdQywnSFp9pnc2WTCE
704,R.E.M.,4KWTAlx2RvbpseOGMEmROg
705,George Michael,19ra5tSw0tWufvUp8GotLo
706,Aretha Franklin,7nwUJBm0HE4ZxD3f5cy5ok
707,Wham!,5lpH0xAS4fVfLkACg9DAuM
708,Rick Ross,1sBkRIssrMs1AbVkOJbc7a
709,Iggy Azalea,5yG7ZAZafVaAlMTeBybKAL
710,Christina Perri,7H55rcKCfwqkyDFH9wpKM6
711,Yung Gravy,2YOYua8FpudSEiB9s88IgQ
712,bbno$,41X1TR6hrK8Q2ZCpp2EqCz
713,Y2K,6USMTwO0MNDnKte5a5h0xx
714,Rod Wave,45TgXXqMDdF8BkjA83OM7z
715,KHEA,4m6ubhNsdwF4psNf3R8kwR
716,Rusherking,3Apb2lGmGJaBmr0TTBJvIZ
717,Breaking Benjamin,5BtHciL0e0zOP7prIHn3pP
718,STARSET,0kD8IT1CzF7js2XKM9lLLa
719,Ufo361,5pVRwX5ZQR7hfJ18w8ZYkl
720,KALIM,4RjamFQJNT8nVbTKXJDJgv
721,Luciano,0Y8KmFkKOgJybpVobn1onU
722,Lucio101,4LwRgSkj7AJJTKLnEaHjMv
723,SEVENTEEN,7nqOGRxlXj7N2JYbgNEjYH
724,"Earth, Wind & Fire",4QQgXkCYTt3BlENzhyNETg
725,Dermot Kennedy,5KNNVgR6LBIABRIomyCwKJ
726,Bibi und Tina,2x8vG4f0HYXzMEo3xNsoiI
727,Aminé,3Gm5F95VdRxW3mqCn8RPBJ
728,Bea Miller,1o2NpYGqHiCq7FoiYdyd1x
