,name,artist_id,popularity,followers
0,Drake,3TVXtAsR1Inumwj472S9r4,97,69021028
1,Future,1RyvyyTE3xzB2ZywiAwp0i,87,12483569
2,DJ Khaled,0QHgL1lAIqAw0HtD7YldmP,78,8697921
3,Bad Bunny,4q3ewBCX7sLwd24euuV69X,97,59468514
4,Ed Sheeran,6eUKZXaKkcviH0Ku9w2n3V,89,105322954
5,Camila Cabello,4nDoRrQiYLoBzwC5BhVJzF,80,28573844
6,Burna Boy,3wcj11K77LjEY1PkEazffa,79,3899958
7,The Weeknd,1Xyo4u8uXC1ZmMpatF05PJ,93,52885058
8,Gesaffelstein,3hteYQFiMFbJY7wS0xDymP,74,461276
9,Doja Cat,5cj0lLjcoR7YOSnhnX0Po5,86,23023983
10,Taylor Swift,06HL4z0CvFAxyc27GXpf02,100,62572904
11,The Kid LAROI,2tIP7SsRs7vjIcLrU85W8J,80,4090880
12,Justin Bieber,1uNFoZAHBGtllmzznpCI3s,89,67640519
13,Ariana Grande,66CXWjxzNUsdJxJ2JdwvnR,88,85056061
14,Jessie J,2gsggkzM5R49q6jpPvazou,71,10554546
15,Eminem,7dGJo4pcD2V6oG8kP0tJRR,90,61957032
16,Post Malone,246dkjvS1zLTtiykXe5h60,87,38827986
17,Charlie Puth,6VuMaDnrHyPL1p4EHjYLi7,83,18360510
18,benny blanco,5CiGnKThu5ctn9pBxv7DGa,74,1009052
19,BTS,3Nrfpe0tUJi4K4DXYWgMUX,91,57756887
20,Coldplay,4gzpq5DPGxSnKTe4SA8HAU,88,39942336
21,J Balvin,1vyhD5VmyZ7KMfW5gqLgo5,87,35845531
22,Jhayco,6nVcHLIgY5pE2YCl8ubca1,82,197931
23,Cardi B,4kYSro6naA4h99UJvo89HB,80,20676964
24,Nio Garcia,5hdhHgpxyniooUiQVaPxQ0,72,3978099
25,Polimá Westcoast,768O5GliF0bqscyghggrbE,76,373462
26,Sech,77ziqFxp5gaInVrF2lj4ht,82,11335751
27,Ozuna,1i8SpTcr7yvPOmcqrbnVXY,88,34378316
28,Kanye West,5K4W6rqBFWDnAN6FQUkS6x,90,18717541
29,JAY-Z,3nFkdlSjzX9mRTtwJOzDYB,83,7763062
30,Billie Eilish,6qqNVTkY8uBg9cP3Jd7DAH,88,72176384
31,Juice WRLD,4MCBfE4596Uoi2O4DtmEMz,88,26508856
32,The Chainsmokers,69GGBxA162lTqCwzJG5jLp,79,19666586
33,Calvin Harris,7CajNmpbOovFoOoasH2HaY,83,22974585
34,Elton John,3PhoLpVuITZKcymswpck5b,83,10431804
35,Dua Lipa,6M2wZ9GZgrQXHCFfjv46we,87,37295363
36,Megan Thee Stallion,181bsRPaVXVlUKXrxwZfHK,79,7239504
37,Miley Cyrus,5YGY8feqx7naU7z4HrwZM6,80,19023693
38,Imagine Dragons,53XhwfbYqKCa1cC15pYq2q,87,43487897
39,XXXTENTACION,15UsOTVnJzReFVN1VCnxy4,86,39052879
40,Lil Peep,2kCcBybjl3SAtIcwdWpUe3,82,9209333
41,Tiago PZK,5Y3MV9DZ0d87NnVm56qSY1,79,2781674
42,DJ Snake,540vIaP2JwjQb9dm3aArA4,76,8206778
43,Tainy,0GM7qgcRCORpGnfcN2tCiB,77,1095611
44,ROSALÍA,7ltDVBr6mKbRvohxheJ9h1,84,6292690
45,Marshmello,64KEffDW9EtZ1y2vBYgq8T,82,34549823
46,Khalid,6LuN9FCkKOj5PcnpouEgny,85,15628411
47,Rihanna,5pKCCKE2ajJHZ9KAiaK11H,89,51087705
48,Maroon 5,04gDigrS5kc9YWfZHwBETP,84,38663350
49,Travis Scott,0Y5tJX1MQlPlqiwlOH1tJY,88,21388609
50,THE SCOTTS,2PaZWGu5T5nHjY2xxAkFsT,57,182182
51,JACKBOYS,7A8S43ryYdbWpJKeHRZRcq,64,502450
52,David Guetta,1Cs0zKBU1kc0i8ypK3B9ai,88,25028578
53,Black Eyed Peas,1yxSLGMDHlW21z4YXirZDS,80,7028246
54,Shouse,2TcGJdSOiOvITBzhvfX8XB,69,100086
55,Galantis,4sTQVOfp9vEMCemLw50sbu,73,3288765
56,Becky Hill,4EPJlUEBy49EX1wuFOvtjK,76,562797
57,Joel Corry,6DgP9otnZw5z6daOntINxp,74,310432
58,Shawn Mendes,7n2wHs1TKAczGzO7Dd2rGr,83,39899835
59,Camilo,28gNT5KBp7IjEOQoevXf9N,80,16817592
60,Bruno Mars,0du5cEVh5yTK9QJze8zA0C,87,44447738
61,Daddy Yankee,4VMYDCV2IEDYJArk749S6m,86,30271458
62,Natti Natasha,1GDbiv3spRmZ1XdM1jQbT7,75,8614966
63,Luis Fonsi,4V8Sr092TqfHkfAA5fXXqG,74,10709805
64,Kendrick Lamar,2YZyLoL8N0Wb9xBt1NhZWg,88,22039215
65,Baby Keem,5SXuuuRpukkTvsLuUknva1,79,1178260
66,Sam Smith,2wY79sveU1sp5g7SokKOiI,88,20798439
67,Queen,1dfeR4HaWDbWqFHLkxsg1d,84,43764296
68,Beyoncé,6vWDO969PvNqNYHIOW5v0m,86,32729747
69,Fred again..,4oLeXFyACqeem2VImYeBFe,75,402519
70,Gunna,2hlmm7s2ICUX0LVIhVFlZQ,83,4718209
71,One Direction,4AK6F7OLvEQ5QYCBNiQWHq,83,28209670
72,Lady Gaga,1HY2Jd0NmPuamShAr6KMms,84,23863931
73,J. Cole,6l3HvQ5sa6mXTsMTB19rO5,85,18392617
74,Dreamville,1iNqsUDUraNWrj00bqssQG,66,470546
75,Nicki Minaj,0hCNtLu0JehylgoiP8L4Gh,85,26596793
76,KAROL G,790FomKkXshlbRYZFtlgla,85,30078166
77,Jason Derulo,07YZf4WDAMNwqr4jfgOZ8y,79,11610840
78,Migos,6oMuImdp5ZcFhWP0ESe6mG,78,12724753
79,Adele,4dpARuHxo51G3z768sgnrY,84,43981274
80,Chris Jedi,0qTZZWLzuD59Un5r1speHm,70,2071511
81,Anuel AA,2R21vXR83lH98kGeO99Y66,86,25021914
82,Halsey,26VFTg2z8YR0cCuwLzESi2,82,18820620
83,G-Eazy,02kJSzxNuaWGqwubyUba0Z,74,5110836
84,Machine Gun Kelly,6TIYQ3jFPwQSRmorSezPxX,79,4871672
85,The Beatles,3WrFJ7ztbogyGnTHbHJFl2,82,23974102
86,Rema,46pWGuE3dSwY3bMMXGBvVS,79,1406086
87,Selena Gomez,0C8ZW7ezQVs4URX5aX7Kqx,84,38538228
88,Kygo,23fqKkggKUBHNkbKtXEls4,79,8200311
89,Harry Styles,6KImCVD70vtIoJWnq6nGn3,89,24457115
90,Chris Brown,7bXgB6jMjp9ATFy66eO08Z,87,17544142
91,Rvssian,1fctva4kpRbg2k3v7kwRuS,70,2088442
92,Sarz,408vMm7y1227ASq7GmWygZ,59,140614
93,Sia,5WUlDfRSoLAfcVSX1WnrxN,83,24909059
94,Maluma,1r4hJ1h58CWwUQe3MxPuau,83,32638105
95,Anitta,7FNnA9vBm6EKceENgCGRMb,78,12390309
96,Grupo Firme,1dKdetem2xEmjgvyymzytS,81,7984351
97,Reik,0vR2qb8m9WHeZ5ByCbimq2,78,7769953
98,Lil Uzi Vert,4O15NlyKLIASxsJ0PrXPfz,85,14053962
99,Pusha T,0ONHkAv9pCAFxb0zJwDNTy,71,2605182
100,Linkin Park,6XyY86QOPPrYVGvF9ch6wz,82,22097854
101,Twenty One Pilots,3YQKmKGau1PzlVlkL1iodx,79,22814272
102,Alesso,4AVFqumd2ogHFlRbKIjp1t,75,3868733
103,Katy Perry,6jJ0s89eD6GaHleKKya26X,84,23572066
104,Lana Del Rey,00FQb4jTyendYWaN8pK0wa,88,18819779
105,Rauw Alejandro,1mcTU81TzQhprhouKaTkpq,89,14450535
106,Shakira,0EmeFodog0BfCgMzAIvKQp,86,25608396
107,De La Ghetto,3EiLUeyEcA6fbRPSHkG5kb,80,6417158
108,Marc Seguí,5FQ8tBUtIamA2hRtatrYUF,65,96715
109,Avicii,1vCWHaC5f2uS3yhpwWbIA6,80,22263884
110,Farruko,329e4yvIujISKGKz1BZZbO,83,14310147
111,Myke Towers,7iK8PXO48WeuP03g8YR51W,84,9902763
112,Alan Walker,7vk5e3vY1uw9plTHJAMwjN,80,36094148
113,Pedro Capó,4QVBYiagIaa6ZGSPMbybpy,67,1542775
114,Various Artists,1ZwdS5xdxEREPySFridCfh,79,13974503
115,Bazzi,4GvEc3ANtPPjt1ZJllr5Zl,72,5220405
116,Arctic Monkeys,7Ln80lUS6He07XvHI8qqHH,87,16981141
117,Becky G,4obzFoKoKRHIphyHzJ35G3,78,12685906
118,Tiësto,2o5jDhtHVPhrJdv3cEQ99Z,82,6595662
119,Sofía Reyes,0haZhu4fFKt0Ag94kZDiz2,69,2739264
120,Jawsh 685,56mfhUDKa1vec6rSLZV5Eg,62,108649
121,Tesher,49YbNTLaaAbZHLtDI2aPGL,59,106959
122,Red Hot Chili Peppers,0L8ExT028jH3ddEcZwqJJ5,81,18710169
123,Demi Lovato,6S2OmqARrzebs0tKUEyXyp,79,23625643
124,Clean Bandit,6MDME20pz9RveH9rEXvrOM,74,4978809
125,OneRepublic,5Pwc4xIPtQLFEnJriah9YJ,84,14558147
126,Mark Ronson,3hv9jJF3adDNsBSIQDqcjp,73,982806
127,Prince Royce,3MHaV05u0io8fQbZ2XPtlC,75,7355208
128,Nicky Jam,1SupJlEpv7RS2tPNRaHViT,80,18065700
129,Romeo Santos,5lwmRuXgjX8xIwlnauTZIP,81,16962252
130,Dalex,0KPX4Ucy9dk82uj4GpKesn,75,4354552
131,Bizarrap,716NhGYqD1jl2wI1Qkgq36,85,7839654
132,Michael Jackson,3fMbdgg4jU18AjLCKBhRSm,81,24996087
133,Jay Wheeler,2cPqdH7XMvwaBJEVjheH8g,77,2859444
134,Blessd,1TA5sGRlKUJXBN4ZyJuDIX,74,1363075
135,Sebastian Yatra,07YUOmWljBTXwIseAUd9TW,81,20361732
136,Wiz Khalifa,137W8MRPWKqSmrBGDBFSop,81,10791902
137,Pitbull,0TnOYISbd1XYRBk9myaseg,81,9693041
138,Lil Baby,5f7VJjfbwm532GiveGC0ZK,89,12154289
139,NAV,7rkW85dBwwrJtlHRDkJDAC,75,3140204
140,DaBaby,4r63FhuTkUYltbVAg5TQnk,81,10268248
141,Quality Control,6i392l38cR3uBPF0DbNs7S,66,1104161
142,Mac Miller,4LLpKhyESsyAXpc4laK94U,82,8213514
143,Martin Garrix,60d24wfXkVzDSfLS6hyCjZ,75,15654152
144,Pop Smoke,0eDvMgVFoNV3TpwtrVCoTj,82,11488831
145,21 Savage,1URnnhqYAYcrqrcwql10ft,92,12071115
146,Pharrell Williams,2RdwBSPQiwcmiDo9kixcl8,80,4076345
147,Lasso,3SCOuAxngTC1yGjKMcIPEd,72,450996
148,Carlos Vives,4vhNDa5ycK0ST968ek7kRr,73,5627207
149,Lin-Manuel Miranda,4aXXDj9aZnlshx7mzj3W1N,71,541480
150,Olivia Rodrigo,1McMsnEElThX1knmY4oliG,83,22059475
151,GloRilla,2qoQgPAilErOKCwE2Y8wOG,68,107213
152,Lizzo,56oDRnqbIiwx4mymNEv7dS,78,5171064
153,Panic! At The Disco,20JZFwl6HVl6yg8a4H3ZqK,77,11533850
154,Lil Wayne,55Aa2cqylxrFIXC767Z865,84,12828499
155,Metallica,2ye2Wgw4gimLv2eAKyk1NB,81,22790700
156,Mora,0Q8NcsJwoCbZOHHW63su5S,85,1035432
157,Chris Lebron,3GPTvhZ8XfH7WkHXidvELk,66,184609
158,Dímelo Flow,3fZk3Gm5dN5v5yfYMQ04Bx,69,339721
159,Rich Music LTD,2kqUKsTuEj1lPbm6BSn1AU,63,234569
160,Lil Nas X,7jVv8c5Fj3E9VhNjxT4snq,81,12066906
161,Ellie Goulding,0X2BH1fck6amBIoJhDVmmJ,78,11343635
162,Alok,0NGAZxHanS9e0iNHpR8f2W,78,11884317
163,Young Thug,50co4Is1HCEo8bhOyUWKpn,83,7626307
164,Young Stoner Life,1xr2G8Hlx4QWmT9HaUbmoO,63,95897
165,Lukas Graham,25u4wHJWxCA9vO0CzxAbK7,70,1991891
166,salem ilese,3QJUFtGBGL05vo0kCJZsmT,65,284454
167,Major Lazer,738wLrAtLtCtFOLvQBXOXp,73,6316929
168,Wale,67nwj3Y5sZQLl72VNUHEYE,69,3853441
169,Snoop Dogg,7hJcb9fa4alzcOq3EaNPoG,82,8933475
170,2 Chainz,17lzZA2AlOHwCwFALHttmp,75,7492375
171,"Juicy J, Wiz Khalifa & Ty Dolla $ign",3C3RrU7G8jAZEP6X8YFCHC,0,9789
172,Fall Out Boy,4UXqAaa6dQYAk18Lv7PEgX,77,9635695
173,AC/DC,711MCceyCBcFnzjGY4Q7Un,80,24890975
174,Blxst,4qXC0i02bSFstECuXP2ZpL,71,355606
175,Tyga,5LHRHt1k9lMyONurDHEdrp,79,6680731
176,P!nk,1KCSPY1glIKqW2TotWuXOR,79,14063982
177,John Mayer,0hEurMDQu99nJRq8pTxO14,76,5683525
178,Trippie Redd,6Xgp2XMz1fhVYe7i6yNAax,82,8116055
179,Mustard,0YinUQ50QDB7ZxSCLyQ40k,73,1009835
180,Gucci Mane,13y7CgLHjMVRMDqxdx0Xdo,76,4544235
181,Logic,4xRYI6VqpkE3UwrDrAZL8L,75,5811035
182,James Arthur,4IWBUUAFIplrNtaOHcJPRM,79,10603899
183,Lost Frequencies,7f5Zgnp2spUuuzKplmRkt7,75,2516728
184,Sigala,1IueXOQyABrMOprrzwQJWN,73,1485827
185,Little Mix,3e7awlrlDSwF3iM0WBjGMp,76,10908483
186,Anne-Marie,1zNqDE7qDGCsyzJwohVaoX,77,10255129
187,88rising,1AhjOkOLkbHUfcHDSErXQs,68,858120
188,Lauv,5JZ7CnR6gTvEMKX4g70Amv,76,5388290
189,"Tyler, The Creator",4V8LLVI7PbaPR0K2TGSxFF,83,9926658
190,Diplo,5fMUXHkw8R8eOP2RNVYEZX,77,2510983
191,Jack Ü,1HxJeLhIuegM3KgvPn8sTa,58,1073739
192,Silk City,2X97ZAqRKRMYFIDqtvGgGc,55,77367
193,Joji,3MZsBdqDrRTJihTHQrO6Dq,86,7384722
194,Frank Ocean,2h93pZq0e7k5yf4dywlkpM,83,10233373
195,Macklemore,3JhNCzhSMTxs9WLGJJxWOY,76,1953535
196,Rudimental,4WN5naL3ofxrVBgFpguzKo,67,1341553
197,Macklemore & Ryan Lewis,5BcAKTbp20cv7tC5VqPFoC,73,2589961
198,A Boogie Wit da Hoodie,31W5EY0aAly4Qieq6OFu6I,80,6883744
199,Kodak Black,46SHBwWsqBkxI7EeeBEQG7,81,8692315
200,sped up nightcore,0M2CO5ijP35MDhNwvpgxTV,74,45113
201,YoungBoy Never Broke Again,7wlFDEWiM5OoIAt8RSli8b,83,9956844
202,Quavo,0VRj0yCOv2FXJNP47XQnx5,80,6074837
203,A$AP Rocky,13ubrt8QOOCPljQ2FL1Kca,80,11522327
204,NF,6fOMl44jA4Sp5b9PpYCkzz,78,7644870
205,5 Seconds of Summer,5Rl15oVamLq7FbSb0NNBNy,78,8978143
206,Tom Odell,2txHhyCwHjUEpJjWrEyqyX,78,2574413
207,H.E.R.,3Y7RZ31TRPVadSFVy1o8os,75,5707198
208,Zedd,2qxJFvFYMEDqd7ui6kSAcq,74,5842840
209,Mulan - Cast,3AV16ISX9uoQFOUKJNHLJ5,0,300
210,Descendants – Cast,4J79AY6Z2927FTTAgHChuv,0,2583
211,Alan Menken,5sy77gt4bfsLcSQ8GIe4ZZ,59,101427
212,ZOMBIES – Cast,2L7RaHwfVU6ge64IJF8GO5,64,41507
213,High School Musical Cast,2gUMs9PE8XZVQyzCDqaYmW,61,1277542
214,BLACKPINK,41MozSoPIsD1dJM0CLPjZF,85,34623085
215,$uicideboy$,1VPmR4DJC1PlOtd0IADAO0,84,4796091
216,Metro Boomin,0iEtIxbK0KxaSlF7G42ZOp,79,3112599
217,Green Day,7oPftvlwr6VrsViSDV7fJY,78,13550082
218,Nirvana,6olE6TJLqED3rqDCT0FyPh,80,16334970
219,SZA,7tYKF4w9nC0nq9CsPZTHyP,83,8754479
220,Summer Walker,57LYzLEk2LcFghVwuWbcuS,79,4293226
221,Luis Miguel,2nszmSgqreHSdJA3zWPyrW,80,10909396
222,Oliver Tree,6TLwD7HPWuiOzvXEa3oCNe,81,1991209
223,Mr. Probz,33W1pnW9zScZtYTnAoWnOT,62,321701
224,Robin Schulz,3t5xRXzsuZmMDkQzgOX35S,81,2988140
225,Justin Quiles,14zUHaJZo1mnYtn6IBRaRP,79,3791534
226,Lilly Wood and The Prick,50OApTJurDusIo9dGTqSU4,60,239873
227,Topic,0u6GtibW46tFX7koQ6uNJZ,73,190063
228,Bob Marley & The Wailers,2QsynagSdAqZj3U9HgDzjD,76,11026130
229,Trolls,05S6yFOzexsgurWstJlBqK,30,42320
230,Justin Timberlake,31TPClRtHm23RisEBtV3X7,78,12362507
231,The Neighbourhood,77SW9BnxLY8rJ0RciFqkHh,84,10737400
232,blackbear,2cFrymmkijnjDg9SS92EPM,78,4804464
233,BoyWithUke,1Cd373x8qzC7SNUg5IToqp,76,2637002
234,Kane Brown,3oSJ7TBVCWMDMiYjXNiCKE,73,4455049
235,Lewis Capaldi,4GNC7GD6oZMSxPGyXy4MNB,80,10113191
236,Whitney Houston,6XpaIBNiVzIetEPCWDvAFP,75,8564031
237,NEIKED,5H6xmHXjsq98NLbEjuE29f,65,131644
238,Marília Mendonça,1yR65psqiazQpeM79CcGh8,82,27224441
239,Hugo & Guilherme,1LIuN7ov1IBQDdLsU83ojl,78,830250
240,George Henrique & Rodrigo,3FlCKtwOEYQQYyGVEbxG2Z,66,1416821
241,LUDMILLA,3CDoRporvSjdzTrm99a3gi,74,5503022
242,TINI,7vXDAI8JwjW531ouMGbfcp,77,5201509
243,PEDRO SAMPAIO,5wbf52LA6kcaboHSN6NEF1,69,1998786
244,Bebe Rexha,64M6ah0SkkRsnPGtGiRAbb,83,7722007
245,Fleetwood Mac,08GQAI4eElDnROBrJRGE0X,78,8972379
246,Zara Larsson,1Xylc3o4UrD53lo9CvFvVg,74,10355936
247,Enrique Iglesias,7qG3b048QCHVRO5Pv1T5lw,75,10989010
248,Pink Floyd,0k17h0D3J5VfsdmQ1iZtE9,78,17838199
249,Britney Spears,26dSoYclwsYLMAKD3tpOr4,80,11528619
250,ALTÉGO,2f1gRV8q7Wua3x7dkoWrbS,58,64111
251,The Rolling Stones,22bE4uQ6baNwSHPVcDxLCe,77,12334056
252,Guns N' Roses,3qm84nBOXUEQ2vnTfUTTFC,79,26557708
253,Michael Bublé,1GxkXlMwML1oSg5eLPiAz3,80,5527364
254,Fivio Foreign,14CHVeJGrR5xgUGQFV5BVM,71,1040703
255,Flo Rida,0jnsk9HBra6NMjO2oANoPY,77,8701603
256,Kid Cudi,0fA0VVWsXO9YnASrzqfmYu,81,6148125
257,Ty Dolla $ign,7c0XG5cIJTrrAgEC3ULPiq,80,4412189
258,Kehlani,0cGUm45nv7Z6M6qdXYQGTX,75,6299838
259,Marca MP,44mEtidu0VdRkIqO4IbkNa,71,1535513
260,Russ,1z7b1Pr1rSlvWRzsW3HOrS,76,4599217
261,Jesse & Joy,1mX1TWKpNxDSAH16LgDfiR,73,7021887
262,Internet Money,6MPCFvOQv5cIGfw3jODMF0,70,673502
263,Lil Durk,3hcs9uc56yIGFCSy9leWe7,82,4776801
264,Polo G,6AgTAQt8XS6jRWi4sX7w49,82,8636824
265,Lil Tjay,6jGMq4yGs7aQzuGsMgVgZR,79,5865635
266,Jonas Blue,1HBjj22wzbscIZ9sEb5dyf,73,3666946
267,Childish Gambino,73sIBHcqh3Z3NyqHKZ7FOL,78,10016892
268,Gorillaz,3AA28KZvwAUcZuOKwyblJQ,79,9543124
269,50 Cent,3q7HBObVc0L8jNeTe5Gofh,82,9704793
270,Ava Max,4npEfmQ6YuiwW1GpUmaq3F,79,5701575
271,Witt Lowry,5ghnxpW47ojtLHHyTLdxdY,62,541990
272,Bastille,7EQ0qTo7fWT7DPxmxtSYEc,74,5188812
273,Yuridia,5B8ApeENp4bE4EE3LI8jK2,76,3086241
274,Christian Nodal,0XwVARXT135rw8lyw1EeWP,81,12499529
275,Banda MS de Sergio Lizárraga,2C6i0I5RiGzDKN9IAF8reh,79,16456846
276,Elvis Presley,43ZHCT0cAZBISjO8DG9PnE,79,7479916
277,ELVIS (Original Motion Picture Soundtrack),0wSptim34zryhQliDEUeQT,0,22140
278,Luke Combs,718COspgdWOnwOFpJHRZHS,80,7488949
279,Lorde,163tK9Wjr9P9DmM0AVK7lm,75,9884110
280,David Bowie,0oSGxfWSnnOXhD2fKuz2Gy,76,8719099
281,Hozier,2FXC3k01G6Gw61bmprjgqS,77,5288221
282,MEDUZA,0xRXCcSX89eobfrshSVdyu,76,570737
283,Maren Morris,6WY7D3jk8zTrHtmkqqo5GI,72,696910
284,Usher,23zg3TcAtWQy7J6upgbUnj,78,10118166
285,Mau y Ricky,2wkoKEfS6dXwThbyTnZWFU,73,5792964
286,Mariah Carey,4iHNK0tOyZPYnBU7nGAgpQ,80,8321380
287,Latto,3MdXrJWsbVzdn6fe5JYkSQ,71,914326
288,Busta Rhymes,1YfEcTuGvBQ8xSD1f53UnK,70,2243582
289,Playboi Carti,699OTQXzgjhIYAHMy9RyPD,81,7204846
290,Manuel Turizo,0tmwSHipWxN12fsoLcFU3B,84,10797301
291,Piso 21,4bw2Am3p9ji3mYsXNXtQcd,76,8595613
292,Fuego,7wU2WGCJ8HxkekHHE2QLul,66,258446
293,MYA,6lHL3ubAMgSasKjNqKb8HF,61,1224986
294,Alessia Cara,2wUjUUtkb5lvLKcGKsKqsR,74,10868466
295,The Killers,0C0XlULifJtAgn6ZNCW2eu,76,6734666
296,Foo Fighters,7jy3rLJdDQY21OgRLCZ9sD,76,10377575
297,Tory Lanez,2jku7tDXc6XoB6MO2hFuqg,80,4823217
298,Jack Harlow,2LIk90788K0zvyj2JJVwkJ,81,2686684
299,Diljit Dosanjh,2FKWNmZWDBZR4dE5KX4plR,73,13637163
300,Roddy Ricch,757aE44tKEUQEqRuT6GnEB,81,8601256
301,42 Dugg,45gHcnDnMC15sgx3VL7ROG,71,736998
302,NLE Choppa,0ErzCpIMyLcjPiwT4elrtZ,77,5347923
303,Big Sean,0c173mlxpT3dSFRgMO8XPh,77,10202439
304,French Montana,6vXTefBL93Dj5IqAWq6OTv,74,4743233
305,Benzz,2GYIFLUsVVHPPUzOfJndRh,62,50877
306,A$AP Ferg,5dHt1vcEm9qb8fCyLcB3HL,70,3402370
307,Fat Joe,3ScY9CQxNLQei8Umvpx5g6,66,1449091
308,BLEU,3KNIG74xSTc3dj0TRy7pGX,68,1204880
309,Stefflon Don,2ExGrw6XpbtUAJHTLtUXUD,65,1068288
310,U2,51Blml2LZPmy7TTiAg47vQ,76,10405497
311,Labrinth,2feDdbD5araYcm6JhFHHw7,78,2574157
312,Daft Punk,4tZwfgrHOc3mvqYlEYSvVi,79,9019368
313,Henrique & Juliano,3p7PcrEHaaKLJnPUGOtRlT,80,17074249
314,Luan Santana,3qvcCP2J0fWi0m0uQDUf6r,74,6602604
315,Bruno & Marrone,5JXhkyafynxCvxtov7C1PV,70,4796568
316,Led Zeppelin,36QJpDe2go2KgaRleHCDTp,76,12772713
317,Radiohead,4Z8W4fKeB5YxbusRsdQVPb,78,7564552
318,Meek Mill,20sxb77xiYeusSH8cVdatc,74,6678775
319,Gera MX,2hejA1Dkf8v8R0koF44FvW,75,3712204
320,Kany García,69UypehHabb68utzfjAVlV,71,1816004
321,Maná,7okwEbXzyT2VffBmyQBWLz,76,8866334
322,blink-182,6FBDaR13swtiWwGhX1WQsP,78,7280923
323,Jorge & Mateus,1elUiq4X7pxej6FRlrEzjM,81,17567970
324,Diego & Victor Hugo,3k68C6mNMJL6OaAdWeW2ZF,73,2287660
325,Clayton & Romário,1tKrZaph4cLsnEdqC5BNEQ,68,112884
326,Dilsinho,4NUePmzDvCYqilXBFa91Hg,72,3811246
327,Morgan Wallen,4oUHIQIBe0LHzYfvXNW4QM,83,4325366
328,Skrillex,5he5w2lnU9x7JFhnwcekXX,74,8000352
329,Paulo Londra,3vQ0GE3mI0dAaxIMYe5g7z,79,19421923
330,John Legend,5y2Xq6xcjJb2jVM54GHK3t,77,6308945
331,Faouzia,5NhgsV7qPWHZqYEMKzbYvo,63,532838
332,Meghan Trainor,6JL8zeS1NmiOftqZTRgdTz,81,12153919
333,System Of A Down,5eAWCfyUhZtHHtBdNk56l1,77,8538557
334,Frank Sinatra,1Mxqyy3pSjf8kZZL4QVxS0,78,5894725
335,The Notorious B.I.G.,5me0Irg2ANcsgc93uaYrpb,77,8251808
336,Don Omar,33ScadVnbm2X8kkUqOkC6Z,80,8272808
337,Tame Impala,5INjqkS1o8h1imAzPqGZBb,78,6006257
338,The 1975,3mIj9lX2MWuHmhNCA7LSCW,80,5988472
339,Melanie Martinez,63yrD80RY3RNEM2YDpUpO8,77,15588010
340,Rae Sremmurd,7iZtZyCzp3LItcw1wtPI3D,71,6979022
341,TWICE,7n2Ycct7Beij7Dj7meI4X0,80,15574307
342,Sam Feldt,20gsENnposVs2I4rQ5kvrf,71,720536
343,Rita Ora,5CCwRZC6euC8Odo6y9X8jr,71,7727741
344,Liam Payne,5pUo3fmmHT8bhCyHE52hA6,65,9868180
345,Muse,12Chz98pHFMPJEknJQMWvI,75,7206181
346,Jack Johnson,3GBPw9NK25X1Wt2OUvOwY3,74,3504485
347,Paramore,74XFHRwlV6OrjEM0A2NCMF,78,7300826
348,Slipknot,05fG473iIaoy82BF1aGhL8,78,8861367
349,ABBA,0LcJLqbBmaGUft1e9Mm8HV,79,9098127
350,Bon Jovi,58lV9VcRSjABbAbfWS6skp,76,11460683
351,ZAYN,5ZsFI1h6hIdQRw2ti0hz81,75,21574049
352,SHAED,3KwmxIhSe9UTSEF37kwngR,58,155601
353,Duki,1bAftSH8umNcGZ0uyV7LMg,84,7345707
354,Morat,5C4PDR4LnhZTbVnKWXuDKD,83,7198426
355,Rvfv,2CCgb0KApjfQDuTppovpf8,70,352155
356,Eladio Carrion,5XJDexmWFLWOkjOEjOVX3e,82,2288431
357,Beret,0ZHPrnImGh4re3TbSNkoZl,71,2705788
358,Sean Paul,3Isy6kedDrgPYoTS1dazA9,79,4120460
359,Spice,0uq5PttqEjj3IH1bzwcrXF,67,2913193
360,INNA,2w9zwq3AktTeYYMuhMjju8,66,1174002
361,Gusttavo Lima,7MiDcPa6UiV3In7lIM71IN,80,17658743
362,Bruno & Denner,0jLROJ4FhMIKMF9XzlR5IZ,58,28047
363,6ix9ine,7gZfnEnfiaHzxARJ2LeXrf,70,6725718
364,Oasis,2DaxqgrOhkeH0fpeiQq2f4,75,7946867
365,Rammstein,6wWVKhxIU2cEi0K81v7HvP,79,7253367
366,The Lumineers,16oZKvXb6WkQlVAjwo2Wbg,76,4929813
367,Troye Sivan,3WGpXCj9YhhfX11TToZcXP,75,7310187
368,Regard,4ofCBoyEiGSePFAG500xev,69,199098
369,OMI,5MouCg6ta7zAxsfMEbc1uh,63,601616
370,Felix Jaehn,4bL2B6hmLlMWnUEZnorEtG,73,1247601
371,Nea,69Etpls5a2aATUkB6NInTY,46,396145
372,Toby Romeo,2XnY6NZ6rENbLMYabjkRey,61,9168
373,NOTD,5jAMCwdNHWr7JThxtMuEyy,65,251089
374,VIZE,09agIJMxCD2k87ys9Al0f0,68,173932
375,Zion & Lennox,21451j1KhjAiaYKflxBjr1,77,6844738
376,Kim Loaiza,1QivQCLVipV61DiQiyV14A,67,3671340
377,Hailee Steinfeld,5p7f24Rk5HkUZsaS3BLG5F,71,8205194
378,Alicia Keys,3DiDSECUqqY1AuBP8qtaIa,76,10135747
379,Madonna,6tbjWDEIzxoDsBA1FuhfPW,76,6499447
380,Disclosure,6nS5roXSAGhTGr34W6n7Et,72,2073295
381,Creedence Clearwater Revival,3IYUhFvPQItj6xySrBmZkd,77,5403606
382,Jess Glynne,4ScCswdRlyA23odg9thgIO,71,2856984
383,Alex Newell,2vGaSKEDFsVPBgcnGxqlBN,50,47613
384,Tove Lo,4NHQUGzhtTLFvgF5SZesLK,75,3177388
385,Florida Georgia Line,3b8QkneNDz4JHKKKlLgYZg,74,4986018
386,Nelly,2gBjLmx6zQnFGQJCAQpRgw,74,2279766
387,Cheat Codes,7DMveApC7UnC2NPfPvlHSU,70,2114533
388,Maggie Lindemann,0uGk2czvcpWQA383Im6ajf,64,1858052
389,Kings of Leon,2qk9voo8llSGYcZ6xrBzKx,73,5068581
390,My Chemical Romance,7FBcuc1gsnv6Y1nwFtNRCb,77,7201022
391,Florence + The Machine,1moxjboGR7GNWYIMWsRjgG,74,6089745
392,Pritam,1wRPtKGflJrBx9BmLsSwlU,85,8781808
393,Mithoon,09UmIX92EUH9hAK4bxvHx6,69,4716418
394,Arijit Singh,4YRxDV8wJFPHPTeXepOstw,87,63689140
395,Five Finger Death Punch,5t28BP42x2axFnqOOMg3CM,74,5733567
396,Glass Animals,4yvcSjfu4PC0CYQyLy4wSq,77,3482548
397,Lenny Tavárez,1pQWsZQehhS4wavwh7Fnxd,78,2007037
398,Jhay Cortez,0EFisYRi20PTADoJrifHrz,70,4855196
399,Los Legendarios,0n6sKrG0xKAf8xmdqeNGke,65,78125
400,Wisin,1wZtkThiXbVNtj6hee6dz9,81,5817505
401,The Script,3AQRLZ9PuTAozP28Skbq8V,73,7576999
402,Masked Wolf,1uU7g3DNSbsu0QjSEqZtEd,67,623125
403,Nickelback,6deZN1bslXzeGvOLaLMOIF,76,5966409
404,Chance the Rapper,1anyVhU62p31KFi8MEzkbf,74,5773137
405,Luke Bryan,0BvkDsjIUla7X0k6CSWh1I,75,7769674
406,Bruce Springsteen,3eqjTLE0HfPfh78zjh6TqT,75,5159896
407,Zé Neto & Cristiano,487N2T9nIPEHrlTZLL3SQs,73,17347148
408,Luíza & Maurílio,0UbJJayomun8CvZKCPH9j3,55,616599
409,DJ Lucas Beat,2zWqENF4cnsd1nLmraG9IE,66,438207
410,Jason Mraz,4phGZZrJZRo4ElhRtViYdl,72,6852488
411,Mabel,1MIVXf74SZHmTIp4V4paH4,69,1706733
412,Craig David,2JyWXPbkqI5ZJa3gwqVa0c,64,814586
413,Roxette,2SHhfs4BiDxGQ3oxqf0UHY,69,1847484
414,Chris Young,4BYxqVkZyFjtik7crYLg5Q,66,2659714
415,Ne-Yo,21E3waRsmPlU7jZsS13rcj,77,7541345
416,Fifth Harmony,1l8Fu6IkuTP0U5QetQJ5Xt,68,15027205
417,Boyce Avenue,7CQwac16i1W5ej8YpuL3dv,69,3068233
418,Arcangel,4SsVbpTthjScTS7U2hmr1X,81,9156664
419,Revol,2wYOpkTJZGByNEOjEnSmoW,58,786987
420,A Great Big World,5xKp3UyavIBUsGy3DQdXeF,61,519715
421,Christina Aguilera,1l7ZsJRRS8wlW3WfJfPfNS,76,7234952
422,6LACK,4IVAbR2w4JJNJDDRFP3E83,74,3779851
423,Jessie Reyez,3KedxarmBCyFBevnqQHy3P,69,1201341
424,Luísa Sonza,4PzYKhC14sTJNEr0dzoo0d,75,3982959
425,Vince Staples,68kEuyFKyqrdQQLLsmiatm,67,1665324
426,Kevin Gates,1gPhS1zisyXr5dHTYZyiMe,73,5453925
427,Jonas Brothers,7gOdHgIoIKoe4i9Tta6qdD,75,6609314
428,Avril Lavigne,0p4nmQO2msCgU4IF37Wi3j,75,9302109
429,Glee Cast,0SCbttzoZTnLFebDYmAWCm,71,1490339
430,Bring Me The Horizon,1Ffb6ejR6Fe5IamqA5oRUF,76,4516058
431,Bryson Tiller,2EMAnMvWE2eb56ToJVfCWs,78,6189082
432,Diddy,59wfkuBoNyhDMQGCljbUbA,71,1385716
433,Niall Horan,1Hsdzj7Dlq2I7tHP7501T4,75,8965976
434,Ashe,6P5NO5hzJbuOqSdyPB7SJM,70,1251654
435,Vance Joy,10exVja0key0uqUkk6LJRT,74,2703525
436,Alejandro Fernández,6sq1yF0OZEWA4xoXVKW1L9,75,6216646
437,La Arrolladora Banda El Limón De Rene Camacho,5bSfBBCxY8QAk4Pifveisz,73,5468707
438,Nardo Wick,0Njy6yR9LykNKYg9yE23QN,73,492984
439,Only The Family,3IaKn0ExWTMPqa0mscUYw3,61,288294
440,Thalia,23wEWD21D4TPYiJugoXmYb,69,4279031
441,Luny Tunes,5pZE9tgrhmIGWAsJZ7YxNK,61,1461144
442,"Héctor ""El Father""",2TjgzYcbTdsZjbT9OItIeB,63,531243
443,Aerosmith,7Ey4PD4MYsKc5I2dolUwbH,76,12788700
444,Hans Zimmer,0YC192cP3KPCRWx8zr8MfZ,75,3061451
445,EST Gee,4FlG0V0jhLO4qGpayFOphj,70,318349
446,Stevie Wonder,7guDJrEfX3qb6FEbdPA5qi,75,5873621
447,Kelly Clarkson,3BmGtnKgCSGYIUhmivXKWX,76,9295892
448,Alex Rose,2DspEsT7UXGKd2VaaedgG4,69,3206296
449,Boza,2NfSBtmWe7oPw1EmetJVso,65,465332
450,Jennifer Lopez,2DlGxzQSjYe5N6G9nkYghR,75,12250809
451,Thomas Rhett,6x2LnllRG5uGarZMsD4iO8,72,4283484
452,Capital Bra,4WZGDpNwrC0vNQyl9QzF7d,70,4331551
453,Farid Bang,2JwyRtuXf2l6sTnSnGVIa1,64,824295
454,Samra,6h1s4i4XKIYv4ErDelLDN0,70,1195617
455,Ra'is,6zPsF3A9PvZ4s0NG6z76up,41,96861
456,LEA,47mIJdHORyRerp4os813jD,78,1523338
457,Kalazh44,5sRQkVexJlax2iISuqL8cV,52,141507
458,Pearl Jam,1w5Kfo2jwwIPruYS2UWh56,73,7850255
459,Johnny Cash,6kACVPfCOnqzgfEF5ryl0x,73,5567182
460,The Highwaymen,6e7QpHYqEiyJGiM98IysLa,59,566020
461,Bob Dylan,74ASZWbe4lXaubB36ztrGX,70,5860064
462,Foreign Teck,12lHTAdc9T204lw5qPtasv,62,13620
463,Disturbed,3TOqt5oJwL9BE2NG9MEwDa,73,5644776
464,YG,0A0FS04o6zMoto8OKPsDwY,74,2969978
465,James Bay,4EzkuveR9pLvDVFNx6foYD,71,3762981
466,Lil Tecca,4Ga1P7PMIsmqEZqhYZQgDo,76,5580518
467,Amy Winehouse,6Q192DXotxtaysaqNPy5yR,74,8141154
468,YNW Melly,1cNDP5yjU5vjeR8qMf4grg,72,8187444
469,Lil Pump,3wyVrVrFCkukjdVIdirGVY,65,7932735
470,El Alfa,2oQX8QiMXOyuqbcZEFsZfm,77,2556641
471,Miguel,360IAlyVv4PCEVjgyMZrxK,77,4282307
472,Aventura,1qto4hHid1P71emI6Fd8xi,76,6604822
473,Flume,6nxWCVXbOlEVRexSbLsTer,71,2326385
474,Seekae,4lCsf6uYTVnWSKm99eKkdY,51,37805
475,Billy Joel,6zFYqv1mOsgBRQbae3JJ9e,75,4724324
476,Kesha,6LqNN22kT3074XbTVUrhzX,75,7461893
477,Casper Magico,1fux65HMCBvfJHqlBc4Nno,68,2014381
478,Milly,7dDYME7Y3GoEQotd8gUvQg,51,38678
479,Julia Michaels,0ZED1XzwlLHW4ZaG4lOT6m,74,4638661
480,JP Saxe,66W9LaWS0DPdL7Sz8iYGYe,67,383966
481,Noah Kahan,2RQXRUsr4IW1f3mKyKsy4B,75,568481
482,Swae Lee,1zNqQNIdeOUZHb8zbZRFMX,76,1559557
483,Akon,0z4gvV4rjIZ9wHck67ucSV,79,3460507
484,Vishal-Shekhar,6Mv8GjQa7LKUGCAqa9qqdb,73,2976228
485,Tones And I,2NjfBq1NflQcKSeiDooVjY,70,2984942
486,Calibre 50,4jogXSSvlyMkODGSZ2wc2P,76,8908666
487,Joan Sebastian,7FsRH5bw8iWpSbMX1G7xf1,75,7677628
488,Backstreet Boys,5rSXSAkZ67PYJSvpUpkOr7,75,4854184
489,Dr. Dre,6DPYiyq5kWVQS4RGwxzPC7,78,8360216
490,Phil Collins,4lxfqrEsLX6N1N4OCSkILp,74,4852880
491,Disney,3xvaSlT4xsyk6lY1ESOspO,80,250121
492,Philip Bailey,6ZNeppgfBLPUyugks9Yn1u,55,41867
493,Lil Skies,7d3WFRME3vBY2cgoP38RDo,69,4859941
494,Bankrol Hayden,0Yr4BBpK2dkCp2UsrJ9LZN,63,492030
495,$NOT,5IbEL2xjRtKsunfmsahLuO,72,1220777
496,Jason Aldean,3FfvYsEGaIb52QPXhg4DcH,73,5679474
497,Eagles,0ECwFtbIWEVNwjlrfc6xoL,74,8810433
498,Matheus & Kauan,2Z0lRIqr997lIUiPtrpKCr,77,10380255
499,Cleber & Cauan,6Y8pfJkEdw4EAST4g9C026,58,1739878
500,João Neto & Frederico,2FrLTuXGuFDzQsjKidB03W,56,3330783
501,KAYTRANADA,6qgnBH6iDM91ipVXv28OMu,68,1093773
502,Freddie Gibbs,0Y4inQK6OespitzD6ijMwb,69,1074153
503,The Offspring,5LfGQac0EIXyAN8aUwmNAQ,75,4775806
504,Conan Gray,4Uc8Dsxct0oMqx0P6i60ea,80,6916596
505,George Ezra,2ysnwxxNtSgbb9t1m2Ur4j,73,3847179
506,The Strokes,0epOFNiUfyON9EYx7Tpr6V,74,4626409
507,Three Days Grace,2xiIXseIJcq3nG7C8fHeBj,74,5293596
508,24kGoldn,6fWVd57NKTalqvmjRd2t8Z,73,1905340
509,Ricardo Arjona,0h1zs4CTlU9D2QtgPxptUD,76,10446136
510,Dan + Shay,7z5WFjZAIYejWy0NI5lv4T,71,2788363
511,MC Rogerinho,5JbQpbeFaKfuZVFzKwaawP,64,542073
512,Wesley Safadão,1AL2GKpmRrKXkYIcASuRFa,74,11220461
513,Dj Guuga,1cNPXWhKfjI0fT5EMCnamR,64,817115
514,Tierry,4FUMTycjZlEY6ZxMgqNjC8,62,1291525
515,Marcynho Sensação,4dnPDc045bVjibyATxVUOs,64,799085
516,Ninho,6Te49r3A6f5BiIgBRxH7FH,78,7192661
517,No Limit,2Ns3GuAU2LYllDr7z20d0e,52,5434
518,Avenged Sevenfold,0nmQIMXWTXfhgOBdNzhGOs,72,5794343
519,Alejandro Sanz,5sUrlPAHlS9NEirDB8SEbF,75,6722181
520,Måneskin,0lAWpj5szCSwM4rUMHYmrr,79,6470639
521,Cartel De Santa,07PdYoE4jVRF6Ut40GgVSP,76,12349496
522,Jeremih,3KV3p5EY4AvKxOlhGHORLg,74,6002969
523,Céline Dion,4S9EykWXhStSc15wEx8QFK,73,6768722
524,Danny Ocean,5H1nN1SzW0qNeUEZvuXjAj,78,4517243
525,LAGOS,7uQ1D2NNHs5cUL3CLKRbia,63,57270
526,Mike Bahía,1phfTBIocBW3UwqcYjaEN6,65,2775735
527,Leo Rizzi,2281RSmb2cN6knnt0Iarb2,61,122097
528,Rels B,2IMZYfNi21MGqxopj9fWx8,80,4272978
529,Aleman,4QFG9KrGWEbr6hNA58CAqE,73,4244187
530,Mumford & Sons,3gd8FJtBJtkRxdfbTu19U2,71,6383794
531,Ricky Martin,7slfeZO9LsJbWgpkIoXBUJ,73,6944946
532,Calum Scott,6ydoSd3N2mwgwBHtF6K7eX,77,4676970
533,Murilo Huff,3hq7WoPJsrRP0KMSLhUgRz,71,418927
534,Israel & Rodolffo,41QLxRXlc2NwfJZkHGHKid,72,1729872
535,Maiara & Maraisa,59jlthNnbmim5l9tmNA7se,76,11582119
536,Lauana Prado,6TYimByryGphZCtwYopH0y,67,2827354
537,Saweetie,6cK3NBO6uP7hh0oyuVELFl,71,1693739
538,Marc Anthony,4wLXwxDeWQ8mtUIRPxGiD6,75,8155783
539,Natanael Cano,0elWFr7TW8piilVRYJUe4P,76,5063773
540,Steve Aoki,77AiFEVeAVj2ORpC85QVJs,72,3703074
541,Alec Benjamin,5IH6FPUwQTxPSXurCrcIov,76,3926411
542,Sista Prod,7cSbcJTJBBSXDjRNR2qD61,55,35701
543,Train,3FUY2gzHeIiaesXtOAdB7A,71,4161391
544,Dirty Heads,6GkJh85o22LfD2vgL9DP6f,62,723823
545,Lil Mosey,5zctI4wO9XSKS8XwcnqEHk,70,4848400
546,LIT killah,1vqR17Iv8VFdzure1TAXEq,74,4046517
547,Daniel Caesar,20wkVLutqVOYrc0kxFs7rA,76,3588005
548,Omar Apollo,5FxD8fkQZ6KcsSYupDVoSO,74,657755
549,Jimmie Allen,147nKr9upHZSSxqCzh9j7c,62,207269
550,Bee Gees,1LZEQNv7sE11VDY3SdxQeN,75,6219947
551,Passenger,0gadJ2b9A4SKsB1RFkBb66,70,3069022
552,R3HAB,6cEuCEZu7PAE9ZSzLLc2oQ,76,2413945
553,Tate McRae,45dkTj5sMRSjrmBSBeiHym,79,3202315
554,Pablo Alborán,5M9Bb4adKAgrOFOhc05Y50,74,4660291
555,Foster The People,7gP3bB2nilZXLfPHJhMdvc,70,3558778
556,Dire Straits,0WwSkZ7LtFUFjGjMZBMt6T,74,6186652
557,Bryan Adams,3Z02hBLubJxuFJfhacLSDc,74,2841569
558,CNCO,0eecdvMrqBftK0M1VKhaF4,69,9320950
559,PRETTYMUCH,5Y8eJDj37KhaEeqbVO7Ag1,60,1233925
560,Armin van Buuren,0SfsnGyD8FpIN4U4WCkBZ5,73,4133536
561,Lil Jon,7sfl4Xt5KmfyDs2T3SVSMK,71,1352564
562,Trey Songz,2iojnBLj0qIMiKPvVhLnsH,69,6919991
563,Dean Lewis,3QSQFmccmX81fWCUSPTS7y,78,2296898
564,LANY,49tQo2QULno7gxHutgccqF,75,5160347
565,Kelsea Ballerini,3RqBeV12Tt7A8xH3zBDDUF,69,949639
566,220 KID,4Euia7UzdRshy1DJOSMTcs,61,18693
567,Gabry Ponte,5ENS85nZShljwNgg4wFD7D,73,394768
568,Afrojack,4D75GcNG95ebPtNvoNVXhz,71,3922382
569,Andy Grammer,2oX42qP5ineK3hrhBECLmj,69,1102334
570,Fireboy DML,75VKfyoBlkmrJFDqo1o2VY,71,1219221
571,Minelli,5T0j6On1EthT2QVNXh8vqc,61,116542
572,Jeremy Zucker,3gIRvgZssIb9aiirIg0nI3,72,2063890
573,John Williams,3dRfiJ2650SZu6GbydcHNb,73,1172430
574,Pentatonix,26AHtbjWKiwYzsoGoUZq53,74,3408616
575,James Blunt,7KMqksf0UMdyA0UCf4R3ux,69,2698735
576,Stray Kids,2dIgFjalVxs4ThymZ67YCE,81,9601323
577,Cage The Elephant,26T3LtbuGT1Fu9m0eRq5X3,73,3047648
578,Fetty Wap,6PXS4YHDkKvl1wkIl4V8DL,69,4384767
579,The Police,5NGO30tJxFlKixkPSgXcFE,74,5199697
580,Wilkinson,6m8itYST9ADjBIYevXSb1r,61,213491
581,Oliver Heldens,5nki7yRhxgM509M5ADlN1p,69,971164
582,MK,2l35CQqtYRh3d8ZIiBep4v,65,1005488
583,Marvin Gaye,3koiLjNrgRTNbOwViDipeA,72,4768712
584,Ski Mask The Slump God,2rhFzFmezpnW82MNqEKVry,75,5187029
585,DJ Scheme,1m7LSAMIB1BErIHYSOn32W,62,219381
586,Feid,2LRoIwlKmHjgvigdNGBHNo,89,2682058
587,Alejo,50sIhX3HytFEwQXZJLUZQE,66,36579
588,Ryan Castro,7j6DKwmjbxvpQO8h914uEz,74,1264004
589,Nacho,2ayNSoKPCRAfjp6hQ76hRu,64,4926255
590,Yandel,0eHQ9o50hj6ZDNBt6Ys1sD,74,6364556
591,Elderbrook,2vf4pRsEY6LpL5tKmqWb64,67,311015
592,RAYE,5KKpBU5eC2tJDzf0wmlRp2,70,555819
593,Bibi Blocksberg,3t2iKODSDyzoDJw7AsD99u,76,203387
594,ScHoolboy Q,5IcR3N7QB1j6KBL8eImZ8m,71,4312466
595,Zac Brown Band,6yJCxee7QumYr820xdIsjo,71,3352141
596,Jax Jones,4Q6nIcaBED8qUel8bBx6Cr,73,1067874
597,Jhené Aiko,5ZS223C6JyBfXasXxrRqOk,76,5964381
598,Sam Hunt,2kucQ9jQwuD8jWdtR9Ef38,69,2254522
599,Ingrid Andress,0jPnVIasXzBYjrlpO5irii,61,111899
600,Sasha Alex Sloan,4xnihxcoXWK3UqryOSnbw5,69,1204033
601,SHAUN,72nLe76yBFSlP6VBzME358,59,335357
602,AJ Mitchell,6dn6x1XOng3LOAnfTjUn77,62,819432
603,John K,73eAAfRkS2Vi4hx68oTJJE,62,225380
604,Offset,4DdkRBBYG6Yk9Ka8tdJ9BW,77,2514142
605,SleazyWorld Go,7FOQfJbC3e4GNoheojERnF,64,98549
606,Charli XCX,25uiPmTg16RbhZWAqwLBy5,75,2712194
607,Juanes,0UWZUmn7sybxMCqrw9tGa7,75,4119736
608,ILLENIUM,45eNHdiiabvmbp4erw26rg,72,1313591
609,Dillon Francis,5R3Hr2cnCCjt220Jmt2xLf,65,1109062
610,Gryffin,2ZRQcIgzPCVaT9XKhXZIzh,72,869577
611,Chris Stapleton,4YLtscXsxbVgi031ovDDdh,76,5006364
612,PARTYNEXTDOOR,2HPaUgqeutzr3jx5a9WyDV,75,4355576
613,Hillsong Worship,3SgHzT552wy2W8pNLaLk24,71,4367754
614,Iron Maiden,6mdiAmATAx73kdxrNrnlao,72,7853428
615,Los Ángeles Azules,0ZCO8oVkMj897cKgFH7fRW,75,6433489
616,Kali Uchis,1U1el3k54VvEUzo3ybLPlM,79,3308917
617,Amaarae,21UPYSRWFKwtqvSAnFnSvS,63,143211
618,Don Toliver,4Gso3d4CscCijv0lmajZWs,78,2367247
619,Skillet,49bzE5vRBRIota4qeHtQM8,71,4349261
620,Bomba Estéreo,5n9bMYfz9qss2VOW89EVs2,76,1003064
621,Badshah,0y59o4v8uw5crbN9M3JiL1,74,22382864
622,alt-J,3XHO7cRUPCLOr6jwp8vsx5,69,3078044
623,Blake Shelton,1UTPBmNbXNTittyMJrNkvw,71,6747328
624,DDG,0WK3H9OErSn5zKOkOV5egm,66,849743
625,Vicente Fernández,4PPoI9LuYeFX8V674Z1R6l,75,7917503
626,Maria Becerra,1DxLCyH42yaHKGK3cl5bvG,81,3317746
627,Lola Indigo,3bvfu2KAve4lPHrhEFDZna,65,834666
628,Journey,0rvjqX7ttXeg3mTy8Xscbt,73,4650939
629,The Vamps,7gAppWoH7pcYmphCVTXkzs,68,5440166
630,BROCKHAMPTON,1Bl6wpkWCQ4KVgnASpvzzA,73,2040770
631,Bonez MC,1aS5tqEs9ci5P9KD9tZWa6,75,1928511
632,RAF Camora,0Dvx6p8JDyzeOPGmaCIH1L,75,1581909
633,Makar,4YW1GDcW9hobRPMDi8v6XH,40,38628
634,Weezer,3jOstUTkEu2JkjvRdBA5Gu,72,2931332
635,Tim McGraw,6roFdX1y5BYSbp60OTJWMd,70,4196744
636,FMK,0dUyjgCyjfj5eMx6bX2TWf,67,1011782
637,Micro TDH,1aWJsBQa67l72j1VT3D6Ow,69,1430299
638,Danna Paola,5xSx2FM8mQnrfgM1QsHniB,73,4165252
639,The Black Keys,7mnBLXK823vNxN3UWB7Gfz,69,3764858
640,Soda Stereo,7An4yvF7hDYDolN4m5zKBp,73,7246930
641,Mike Posner,2KsP6tYLJlTBvSUxnwlVWa,69,1308151
642,Bon Iver,4LEiUm1SRbFMgfqnQTwUbQ,75,3308484
643,Juan Gabriel,2MRBDr0crHWE5JwPceFncq,74,7170400
644,Imanbek,5rGrDvrLOV2VV8SCFVGWlj,75,166361
645,SAINt JHN,0H39MdGGX6dbnnQPt6NQkZ,69,900997
646,Korn,3RNrq3jvMZxD9ZyoOZbQOD,73,5808342
647,Lunay,47MpMsUfWtgyIIBEFOr4FE,71,7549088
648,Young Martino,7Kh6SBEGtFtqjYo5bN0ACG,49,30965
649,The Doors,22WZ7M8sxp5THdruNY3gXt,71,6897397
650,Madison Beer,2kRfqPViCqYdSGhYSM9R0Q,72,5517030
651,K/DA,4gOc8TsQed9eqnqJct2c5v,65,1706905
652,Surf Mesa,1lmU3giNF3CSbkVSQmLpHQ,62,153054
653,The Cure,7bu3H8JO7d0UbMoVzbo70s,74,4071458
654,Rise Against,6Wr3hh341P84m3EI8qdn9O,70,2551712
655,Why Don't We,2jnIB6XdLvnJUeNTy5A0J2,70,3384142
656,Carly Rae Jepsen,6sFIWsNpZYqfjUpaCgueju,74,5170496
657,Owl City,07QEuhtrNmmZ0zEcqE9SF6,68,2281301
658,Lewis OfMan,1hkRfKGoJisJDbo6eSf1pg,50,72608
659,Supermode,7urnl0uH1w3NCoErxw7AUK,57,8323
660,JP Cooper,4kYGAK2zu9EAomwj3hXkXy,68,811977
661,Emily Burns,6Gi8ZaXGx8MK79HwzXpuVZ,52,151866
662,Gabrielle Aplin,3w6zswp5THsSKYLICUbDTZ,58,664952
663,PNL,3NH8t45zOTqzlZgBvZRjvB,74,6070833
664,Papa Roach,4RddZ3iHvSpGV4dvATac9X,70,4510629
665,Lil Yachty,6icQOAFXDZKsumw3YXyusw,77,8494676
666,Bhad Bhabie,7DuTB6wdzqFJGFLSH17k8e,57,3068061
667,Remble,65s98MYZ4xFpgKlUYS5XKw,57,153834
668,AJ Tracey,4Xi6LSfFqv26XgP9NKN26U,68,1124690
669,MARINA,6CwfuxIqcltXDGjfZsMd9A,72,4131845
670,Ludovico Einaudi,2uFUBdaVGtyMqckSeCl0Qj,77,2803039
671,Rex Orange County,7pbDxGE6nQSZVfiFdq9lOL,77,4741690
672,Birdy,2WX2uTcsvV5OnS0inACecP,70,3604233
673,RHODES,07FfkbljNIdl45Ijlh1aXS,55,112678
674,Hybrid Minds,05lF0DUkLJqiW5o70SScyR,57,121462
675,Outkast,1G9G7WwrXka3Z1r7aIDjI7,73,2084713
676,Bruno & Barretto,70x9rYb58QCNNeNxuO3StS,60,2527341
677,Zé Felipe,7cmuxPnXRJxwuYDHfbD8Eu,70,3732519
678,Os Barões Da Pisadinha,5Lv2GUVwqmQBPwrTrxucE5,69,6494789
679,T.I.,4OBJLual30L7gRl5UkeRcT,73,4397448
680,E-40,3crnzLy8R4lVwaigKEOz7V,67,793492
681,Noah Cyrus,55fhWPvDiMpLnE4ZzNXZyW,71,1056012
682,PJ Harding,1RryIbDjpwt00AKkSpCGvP,53,15079
683,Sabrina Carpenter,74KM79TiuVKeVCqs8QtB0B,74,4635278
684,Depeche Mode,762310PdDnwsDxAQxzQkfX,72,4856252
685,Kenny Chesney,3grHWM9bx2E9vwJCdlRv9O,70,4116691
686,C. Tangana,5TYxZTjIPqKM8K8NuP9woO,75,2248092
687,Omar Montes,3lY9Fxceu60W1rbon7PkuF,69,486807
688,Eric Church,2IvkS5MXK0vPGnwyJsrEyV,70,3573150
689,Mike WiLL Made-It,0NWbwDZY1VkRqFafuQm6wk,64,1447303
690,Dave Matthews Band,2TI7qyDE0QfyOlnbtfDo7L,62,1786275
691,Destiny's Child,1Y8cdNmUJH7yBTd9yOvr5i,70,5924379
692,Paul McCartney,4STHEaNw4mPZ2tzheohgXB,70,4186214
693,Norah Jones,2Kx7MNY7cI1ENniW7vT30N,71,2869399
694,Eric Clapton,6PAt558ZEZl0DmdXlnjMgD,70,5099305
695,John Mayall & The Bluesbreakers,2ScuQMRWThcifBRIvNDFDC,46,376312
696,The Game,0NbfKEOTQCcwd6o7wSDOHI,73,4280582
697,Warren G,2B4ZHz4QDWJTXPFPgO5peE,62,2039529
698,The Beach Boys,3oDbviiivRWhXwIE8hxkVV,71,3879728
699,EXO,3cjEqqelV9zb4BYE3qDQ4O,69,9257461
700,Simon & Garfunkel,70cRZdQywnSFp9pnc2WTCE,70,4344208
701,R.E.M.,4KWTAlx2RvbpseOGMEmROg,72,3757697
702,George Michael,19ra5tSw0tWufvUp8GotLo,71,3989626
703,Aretha Franklin,7nwUJBm0HE4ZxD3f5cy5ok,69,3004673
704,Wham!,5lpH0xAS4fVfLkACg9DAuM,72,2089060
705,Rick Ross,1sBkRIssrMs1AbVkOJbc7a,76,6399081
706,Iggy Azalea,5yG7ZAZafVaAlMTeBybKAL,68,6170105
707,Christina Perri,7H55rcKCfwqkyDFH9wpKM6,70,3425943
708,Yung Gravy,2YOYua8FpudSEiB9s88IgQ,73,1513341
709,bbno$,41X1TR6hrK8Q2ZCpp2EqCz,73,1139890
710,Y2K,6USMTwO0MNDnKte5a5h0xx,62,284616
711,Rod Wave,45TgXXqMDdF8BkjA83OM7z,78,3907521
712,KHEA,4m6ubhNsdwF4psNf3R8kwR,74,4601200
713,Rusherking,3Apb2lGmGJaBmr0TTBJvIZ,71,1051543
714,Breaking Benjamin,5BtHciL0e0zOP7prIHn3pP,70,4112898
715,STARSET,0kD8IT1CzF7js2XKM9lLLa,64,813188
716,Ufo361,5pVRwX5ZQR7hfJ18w8ZYkl,71,1865796
717,KALIM,4RjamFQJNT8nVbTKXJDJgv,59,1894117
718,Luciano,0Y8KmFkKOgJybpVobn1onU,61,796715
719,Lucio101,4LwRgSkj7AJJTKLnEaHjMv,62,235818
720,SEVENTEEN,7nqOGRxlXj7N2JYbgNEjYH,78,7925343
721,"Earth, Wind & Fire",4QQgXkCYTt3BlENzhyNETg,72,3682110
722,Dermot Kennedy,5KNNVgR6LBIABRIomyCwKJ,74,1210492
723,Bibi und Tina,2x8vG4f0HYXzMEo3xNsoiI,75,200287
724,Aminé,3Gm5F95VdRxW3mqCn8RPBJ,68,1817785
725,Bea Miller,1o2NpYGqHiCq7FoiYdyd1x,68,2807605
